Kategori,Nama Produk,text_cleaned,text_stopwords_removed
BBM,Pertalite,pertalite,pertalite
BBM,Bensin,bensin,bensin
BBM,Pertamax,pertamax,pertamax
BBM,Pertamax Turbo,pertamax turbo,pertamax turbo
BBM,Dexlite,dexlite,dexlite
BBM,Pertamina Dex,pertamina dex,pertamina dex
BBM,Solar,solar,
BBM,Shell Super,shell super,shell
BBM,Shell V-Power,shell vpower,shell vpower
BBM,Shell V-Power Nitro+,shell vpower nitro,shell vpower nitro
BBM,Shell V-Power Diesel,shell vpower diesel,shell vpower diesel
BBM,BP 90,bp,bp
BBM,BP 92,bp,bp
BBM,BP Ultimate,bp ultimate,bp ultimate
BBM,BP Diesel,bp diesel,bp diesel
BBM,Revvo 89,revvo,revvo
BBM,Revvo 90,revvo,revvo
BBM,Revvo 92,revvo,revvo
BBM,Diesel Primus,diesel primus,diesel primus
BBM,Bio Solar,bio solar,bio
BBM,Pertamax Green 95,pertamax green,pertamax green
BBM,Bioetanol Blend,bioetanol blend,bioetanol blend
BBM,Premium (RON 88),premium ron,ron
Parkir,Parkir Motor,parkir motor,parkir motor
Parkir,Parkir Mobil,parkir mobil,parkir
Parkir,Parkir Bus,parkir bus,parkir bus
Parkir,Parkir Truk,parkir truk,parkir truk
Parkir,Parkir Sepeda,parkir sepeda,parkir sepeda
Parkir,Parkir Kampus,parkir kampus,parkir kampus
Parkir,Parkir Sekolah,parkir sekolah,parkir sekolah
Parkir,Parkir Kantor,parkir kantor,parkir kantor
Parkir,Parkir Mall,parkir mall,parkir mall
Parkir,Parkir Pasar,parkir pasar,parkir
Parkir,Parkir Rumah Sakit,parkir rumah sakit,parkir rumah
Parkir,Parkir Hotel,parkir hotel,parkir hotel
Parkir,Parkir Restoran,parkir restoran,parkir restoran
Parkir,Parkir Apartemen,parkir apartemen,parkir apartemen
Parkir,Parkir Perumahan,parkir perumahan,parkir perumahan
Parkir,Parkir Stadion,parkir stadion,parkir stadion
Parkir,Parkir Bandara,parkir bandara,parkir bandara
Parkir,Parkir Stasiun,parkir stasiun,parkir stasiun
Parkir,Parkir Terminal,parkir terminal,parkir terminal
Parkir,Parkir Pelabuhan,parkir pelabuhan,parkir pelabuhan
Parkir,Parkir Tempat Wisata,parkir tempat wisata,parkir wisata
Parkir,Parkir Gedung,parkir gedung,parkir gedung
Parkir,Parkir Basement,parkir basement,parkir basement
Parkir,Parkir Rooftop,parkir rooftop,parkir rooftop
Parkir,Parkir Pinggir Jalan,parkir pinggir jalan,parkir pinggir jalan
Parkir,Parkir Area Publik,parkir area publik,parkir area publik
Parkir,Parkir VIP,parkir vip,parkir vip
Parkir,Valet Parking,valet parking,valet parking
Parkir,Parkir Inap,parkir inap,parkir inap
Parkir,Parkir Harian,parkir harian,parkir harian
Parkir,Parkir Mingguan,parkir mingguan,parkir mingguan
Parkir,Parkir Bulanan,parkir bulanan,parkir bulanan
Parkir,Parkir Tahunan,parkir tahunan,parkir tahunan
Parkir,Parkir Langganan,parkir langganan,parkir langganan
Parkir,Parkir Event,parkir event,parkir event
Parkir,Parkir Konser,parkir konser,parkir konser
Parkir,Parkir Pameran,parkir pameran,parkir pameran
Parkir,Parkir Car Free Day,parkir car free day,parkir car day
Parkir,Parkir Transit,parkir transit,parkir transit
Parkir,Park and Ride,park and ride,park and ride
Parkir,Parkir Rest Area,parkir rest area,parkir rest area
Parkir,Parkir Tol,parkir tol,parkir tol
Parkir,Parkir Wisata,parkir wisata,parkir wisata
Parkir,Parkir Kendaraan Listrik,parkir kendaraan listrik,parkir kendaraan listrik
Parkir,Charging + Parking,charging parking,charging parking
Parkir,Parkir Disabilitas,parkir disabilitas,parkir disabilitas
Parkir,Parkir Keluarga,parkir keluarga,parkir keluarga
Parkir,Parkir Khusus Wanita,parkir khusus wanita,parkir
Parkir,Parkir Online Booking,parkir online booking,parkir booking
Parkir,Smart Parking,smart parking,smart parking
Parkir,E-Parking,eparking,eparking
Parkir,Parkir Tunai,parkir tunai,parkir tunai
Parkir,Parkir QRIS,parkir qris,parkir qris
Parkir,Parkir E-Money,parkir emoney,parkir emoney
Parkir,Parkir Tap Card,parkir tap card,parkir tap card
Parkir,Denda Parkir,denda parkir,denda parkir
Parkir,Tilang Parkir,tilang parkir,tilang parkir
Parkir,Biaya Derek,biaya derek,biaya derek
Parkir,Titip Kendaraan,titip kendaraan,titip kendaraan
Parkir,Garasi Sewa,garasi sewa,garasi sewa
Parkir,Parkir Motor Premium,parkir motor premium,parkir motor
Parkir,Parkir Mobil Premium,parkir mobil premium,parkir
Parkir,Parkir Kendaraan Besar,parkir kendaraan besar,parkir kendaraan
Parkir,Parkir Sepeda Listrik,parkir sepeda listrik,parkir sepeda listrik
Parkir,Parkir Ojek Online,parkir ojek online,parkir ojek
Parkir,Parkir Taksi,parkir taksi,parkir taksi
Parkir,Parkir Armada,parkir armada,parkir armada
Parkir,Parkir Logistik,parkir logistik,parkir logistik
Parkir,Parkir Drop Off,parkir drop off,parkir drop off
Parkir,Parkir Pick Up,parkir pick up,parkir pick up
Parkir,Parkir 1 Jam,parkir jam,parkir jam
Parkir,Parkir 2 Jam,parkir jam,parkir jam
Parkir,Parkir Overnight,parkir overnight,parkir overnight
Parkir,Parkir Akhir Pekan,parkir akhir pekan,parkir pekan
Parkir,Parkir Hari Libur,parkir hari libur,parkir libur
Parkir,Parkir Musiman,parkir musiman,parkir musiman
Parkir,Parkir Khusus Member,parkir khusus member,parkir member
Parkir,Parkir Reservasi,parkir reservasi,parkir reservasi
Parkir,Parkir Darurat,parkir darurat,parkir darurat
Parkir,Parkir Sementara,parkir sementara,parkir
Parkir,Parkir Karyawan,parkir karyawan,parkir karyawan
Parkir,Parkir Tenant,parkir tenant,parkir tenant
Parkir,Parkir Pengunjung,parkir pengunjung,parkir pengunjung
Parkir,Parkir Loading Zone,parkir loading zone,parkir loading zone
Parkir,Parkir Bongkar Muat,parkir bongkar muat,parkir bongkar muat
Parkir,Parkir Bus Pariwisata,parkir bus pariwisata,parkir bus pariwisata
Parkir,Parkir Travel,parkir travel,parkir travel
Parkir,Parkir Shuttle,parkir shuttle,parkir shuttle
Parkir,Parkir Sepeda Motor Listrik,parkir sepeda motor listrik,parkir sepeda motor listrik
Parkir,Parkir Mobil Listrik,parkir mobil listrik,parkir listrik
Parkir,Parkir Hybrid,parkir hybrid,parkir hybrid
Parkir,Parkir Area Hijau,parkir area hijau,parkir area
Parkir,Parkir Hemat,parkir hemat,parkir
Parkir,Parkir Lainnya,parkir lainnya,parkir
Ride Hailing,Gojek Bike,gojek bike,gojek bike
Ride Hailing,Gojek Car,gojek car,gojek car
Ride Hailing,GoRide,goride,goride
Ride Hailing,GoCar,gocar,gocar
Ride Hailing,GoCar Luxe,gocar luxe,gocar luxe
Ride Hailing,GoBluebird,gobluebird,gobluebird
Ride Hailing,Grab Bike,grab bike,grab bike
Ride Hailing,Grab Car,grab car,grab car
Ride Hailing,GrabCar Plus,grabcar plus,grabcar
Ride Hailing,GrabCar Premium,grabcar premium,grabcar
Ride Hailing,GrabTaxi,grabtaxi,grabtaxi
Ride Hailing,GrabRent,grabrent,grabrent
Ride Hailing,Maxim Bike,maxim bike,maxim bike
Ride Hailing,Maxim Car,maxim car,maxim car
Ride Hailing,Maxim Delivery Ride,maxim delivery ride,maxim delivery ride
Ride Hailing,InDrive Bike,indrive bike,indrive bike
Ride Hailing,InDrive Car,indrive car,indrive car
Ride Hailing,Bluebird App Ride,bluebird app ride,bluebird app ride
Ride Hailing,Taxi Online,taxi online,taxi
Ride Hailing,Taxi Premium Online,taxi premium online,taxi
Ride Hailing,Carpool Ride,carpool ride,carpool ride
Ride Hailing,Ride Sharing,ride sharing,ride sharing
Ride Hailing,Pooling Ride,pooling ride,pooling ride
Ride Hailing,Women Only Ride,women only ride,women only ride
Ride Hailing,Family Ride,family ride,family ride
Ride Hailing,Executive Ride,executive ride,executive ride
Ride Hailing,Priority Ride,priority ride,priority ride
Ride Hailing,XL Vehicle Ride,xl vehicle ride,vehicle ride
Ride Hailing,Van Ride,van ride,van ride
Ride Hailing,SUV Ride,suv ride,suv ride
Ride Hailing,EV Ride,ev ride,ev ride
Ride Hailing,Motor Listrik Ride,motor listrik ride,motor listrik ride
Ride Hailing,Airport Transfer,airport transfer,airport transfer
Ride Hailing,Station Transfer,station transfer,station transfer
Ride Hailing,Hotel Transfer,hotel transfer,hotel transfer
Ride Hailing,Shuttle Ride,shuttle ride,shuttle ride
Ride Hailing,City Tour Ride,city tour ride,city tour ride
Ride Hailing,Hourly Booking,hourly booking,hourly booking
Ride Hailing,Daily Booking,daily booking,daily booking
Ride Hailing,Weekly Booking,weekly booking,weekly booking
Ride Hailing,Subscription Ride,subscription ride,subscription ride
Ride Hailing,Corporate Ride,corporate ride,corporate ride
Ride Hailing,Student Ride,student ride,student ride
Ride Hailing,Promo Ride,promo ride,ride
Ride Hailing,Shared Bike Ride,shared bike ride,shared bike ride
Ride Hailing,Shared Car Ride,shared car ride,shared car ride
Ride Hailing,Late Night Ride,late night ride,late night ride
Ride Hailing,Emergency Ride,emergency ride,emergency ride
Ride Hailing,Pet Friendly Ride,pet friendly ride,pet friendly ride
Ride Hailing,Child Seat Ride,child seat ride,child seat ride
Ride Hailing,Parcel + Ride,parcel ride,parcel ride
Ride Hailing,Intercity Ride,intercity ride,intercity ride
Ride Hailing,Ride to Work,ride to work,ride to work
Ride Hailing,Ride to Campus,ride to campus,ride to campus
Ride Hailing,Ride to Mall,ride to mall,ride to mall
Ride Hailing,Ride to Hospital,ride to hospital,ride to hospital
Ride Hailing,Ride to Event,ride to event,ride to event
Ride Hailing,Ride Return Trip,ride return trip,ride return trip
Ride Hailing,Multi Stop Ride,multi stop ride,multi stop ride
Ride Hailing,Scheduled Ride,scheduled ride,scheduled ride
Ride Hailing,Instant Ride,instant ride,instant ride
Ride Hailing,Ride Voucher,ride voucher,ride
Ride Hailing,Ride Cashback,ride cashback,ride
Ride Hailing,Luxury Sedan Ride,luxury sedan ride,luxury sedan ride
Ride Hailing,MPV Ride,mpv ride,mpv ride
Ride Hailing,Pickup Ride,pickup ride,pickup ride
Ride Hailing,Tourism Ride,tourism ride,tourism ride
Ride Hailing,Weekend Ride,weekend ride,weekend ride
Ride Hailing,Holiday Ride,holiday ride,holiday ride
Ride Hailing,Monthly Ride Pass,monthly ride pass,monthly ride pass
Ride Hailing,Eco Ride,eco ride,ride
Ride Hailing,Green Ride,green ride,green ride
Ride Hailing,Female Driver Ride,female driver ride,female driver ride
Ride Hailing,Senior Friendly Ride,senior friendly ride,friendly ride
Ride Hailing,Accessible Ride,accessible ride,accessible ride
Ride Hailing,Wheelchair Ride,wheelchair ride,wheelchair ride
Ride Hailing,Premium Bike Ride,premium bike ride,bike ride
Ride Hailing,Fast Pickup Ride,fast pickup ride,fast pickup ride
Ride Hailing,Long Distance Ride,long distance ride,long distance ride
Ride Hailing,Short Distance Ride,short distance ride,short distance ride
Ride Hailing,Peak Hour Ride,peak hour ride,peak hour ride
Ride Hailing,Non Peak Ride,non peak ride,non peak ride
Ride Hailing,Night Surge Ride,night surge ride,night surge ride
Ride Hailing,Rainy Day Ride,rainy day ride,rainy day ride
Ride Hailing,VIP Transfer,vip transfer,vip transfer
Ride Hailing,Event Shuttle Ride,event shuttle ride,event shuttle ride
Ride Hailing,Ride Membership,ride membership,ride membership
Ride Hailing,Rental with Driver,rental with driver,rental with driver
Ride Hailing,Smart Ride,smart ride,smart ride
Ride Hailing,Ride Credits,ride credits,ride credits
Ride Hailing,Ride Lainnya,ride lainnya,ride
Ride Hailing,Gojek Motor,gojek motor,gojek motor
Ride Hailing,Gojek Mobil,gojek mobil,gojek
Ride Hailing,GoCar Mewah,gocar mewah,gocar
Ride Hailing,Grab Motor,grab motor,grab motor
Ride Hailing,Grab Mobil,grab mobil,grab
Ride Hailing,Grab Mobil Plus,grab mobil plus,grab
Ride Hailing,Grab Mobil Premium,grab mobil premium,grab
Ride Hailing,Grab Taksi,grab taksi,grab taksi
Ride Hailing,Grab Sewa,grab sewa,grab sewa
Ride Hailing,Maxim Motor,maxim motor,maxim motor
Ride Hailing,Maxim Mobil,maxim mobil,maxim
Ride Hailing,Maxim Antar Barang + Penumpang,maxim antar barang penumpang,maxim barang penumpang
Ride Hailing,InDrive Motor,indrive motor,indrive motor
Ride Hailing,InDrive Mobil,indrive mobil,indrive
Ride Hailing,Bluebird Aplikasi,bluebird aplikasi,bluebird aplikasi
Ride Hailing,Taksi Online,taksi online,taksi
Ride Hailing,Taksi Premium Online,taksi premium online,taksi
Ride Hailing,Nebeng Mobil,nebeng mobil,nebeng
Ride Hailing,Berbagi Tumpangan,berbagi tumpangan,berbagi tumpangan
Ride Hailing,Tumpangan Gabungan,tumpangan gabungan,tumpangan gabungan
Ride Hailing,Khusus Wanita,khusus wanita,
Ride Hailing,Perjalanan Keluarga,perjalanan keluarga,perjalanan keluarga
Ride Hailing,Perjalanan Eksekutif,perjalanan eksekutif,perjalanan eksekutif
Ride Hailing,Prioritas,prioritas,prioritas
Ride Hailing,Kendaraan XL,kendaraan xl,kendaraan
Ride Hailing,Van,van,van
Ride Hailing,SUV,suv,suv
Ride Hailing,Kendaraan Listrik,kendaraan listrik,kendaraan listrik
Ride Hailing,Motor Listrik,motor listrik,motor listrik
Ride Hailing,Antar Bandara,antar bandara,bandara
Ride Hailing,Antar Stasiun,antar stasiun,stasiun
Ride Hailing,Antar Hotel,antar hotel,hotel
Ride Hailing,Shuttle Online,shuttle online,shuttle
Ride Hailing,Tur Kota,tur kota,tur kota
Ride Hailing,Sewa Per Jam,sewa per jam,sewa jam
Ride Hailing,Sewa Harian,sewa harian,sewa harian
Ride Hailing,Sewa Mingguan,sewa mingguan,sewa mingguan
Ride Hailing,Langganan Perjalanan,langganan perjalanan,langganan perjalanan
Ride Hailing,Transport Karyawan,transport karyawan,transport karyawan
Ride Hailing,Transport Mahasiswa,transport mahasiswa,transport mahasiswa
Ride Hailing,Promo Perjalanan,promo perjalanan,perjalanan
Ride Hailing,Berbagi Motor,berbagi motor,berbagi motor
Ride Hailing,Berbagi Mobil,berbagi mobil,berbagi
Ride Hailing,Perjalanan Malam,perjalanan malam,perjalanan malam
Ride Hailing,Perjalanan Darurat,perjalanan darurat,perjalanan darurat
Ride Hailing,Ramah Hewan Peliharaan,ramah hewan peliharaan,hewan peliharaan
Ride Hailing,Kursi Anak,kursi anak,kursi
Ride Hailing,Antar Paket + Penumpang,antar paket penumpang,penumpang
Ride Hailing,Antar Kota,antar kota,kota
Ride Hailing,Ke Kantor,ke kantor,kantor
Ride Hailing,Ke Kampus,ke kampus,kampus
Ride Hailing,Ke Mall,ke mall,mall
Ride Hailing,Ke Rumah Sakit,ke rumah sakit,rumah
Ride Hailing,Ke Acara,ke acara,acara
Ride Hailing,Pulang Pergi,pulang pergi,pulang pergi
Ride Hailing,Multi Tujuan,multi tujuan,multi tujuan
Ride Hailing,Jadwal Pesan,jadwal pesan,jadwal pesan
Ride Hailing,Pesan Sekarang,pesan sekarang,pesan
Ride Hailing,Voucher Perjalanan,voucher perjalanan,perjalanan
Ride Hailing,Cashback Perjalanan,cashback perjalanan,perjalanan
Ride Hailing,Sedan Mewah,sedan mewah,sedan
Ride Hailing,MPV,mpv,mpv
Ride Hailing,Pickup,pickup,pickup
Ride Hailing,Paket Bulanan,paket bulanan,bulanan
Ride Hailing,Hemat Energi,hemat energi,energi
Ride Hailing,Ramah Lingkungan,ramah lingkungan,lingkungan
Ride Hailing,Driver Perempuan,driver perempuan,driver
Ride Hailing,Ramah Lansia,ramah lansia,
Ride Hailing,Akses Disabilitas,akses disabilitas,akses disabilitas
Ride Hailing,Kursi Roda,kursi roda,kursi roda
Ride Hailing,Motor Premium,motor premium,motor
Ride Hailing,Jemput Cepat,jemput cepat,jemput
Ride Hailing,Jarak Jauh,jarak jauh,jarak
Ride Hailing,Jarak Dekat,jarak dekat,jarak
Ride Hailing,Jam Sibuk,jam sibuk,jam sibuk
Ride Hailing,Jam Sepi,jam sepi,jam
Ride Hailing,Tarif Hujan,tarif hujan,tarif hujan
Ride Hailing,Tarif Malam,tarif malam,tarif malam
Ride Hailing,Transfer VIP,transfer vip,transfer vip
Ride Hailing,Shuttle Acara,shuttle acara,shuttle acara
Ride Hailing,Membership Ride,membership ride,membership ride
Ride Hailing,Rental dengan Sopir,rental dengan sopir,rental sopir
Ride Hailing,Ride Pintar,ride pintar,ride
Ride Hailing,Kredit Perjalanan,kredit perjalanan,kredit perjalanan
BBM,Shell FuelSave 92,shell fuelsave,shell fuelsave
BBM,Shell FuelSave Diesel,shell fuelsave diesel,shell fuelsave diesel
BBM,BP Ultimate Diesel,bp ultimate diesel,bp ultimate diesel
BBM,Revvo 95,revvo,revvo
BBM,Revvo Diesel,revvo diesel,revvo diesel
BBM,Gasohol,gasohol,gasohol
BBM,Compressed Natural Gas (CNG) / Gas Alam Terkompresi,compressed natural gas cng gas alam terkompresi,compressed gas cng gas alam terkompresi
BBM,Liquefied Natural Gas (LNG) / Gas Alam Cair,liquefied natural gas lng gas alam cair,liquefied gas lng gas alam
BBM,Liquefied Petroleum Gas (LPG) / Gas Petroleum Cair,liquefied petroleum gas lpg gas petroleum cair,liquefied petroleum gas lpg gas petroleum
BBM,Electric Vehicle Charging AC / Pengisian Kendaraan Listrik AC,electric vehicle charging ac pengisian kendaraan listrik ac,electric vehicle charging ac pengisian kendaraan listrik ac
BBM,Electric Vehicle Charging DC Fast / Pengisian Kendaraan Listrik DC Cepat,electric vehicle charging dc fast pengisian kendaraan listrik dc cepat,electric vehicle charging dc fast pengisian kendaraan listrik dc
BBM,Electric Vehicle Ultra Fast Charging / Pengisian Ultra Cepat Kendaraan Listrik,electric vehicle ultra fast charging pengisian ultra cepat kendaraan listrik,electric vehicle fast charging pengisian kendaraan listrik
BBM,Home EV Charging / Pengisian EV di Rumah,home ev charging pengisian ev di rumah,home ev charging pengisian ev rumah
BBM,Public EV Charging / Pengisian EV Umum,public ev charging pengisian ev umum,public ev charging pengisian ev
BBM,Hydrogen Fuel / Bahan Bakar Hidrogen,hydrogen fuel bahan bakar hidrogen,hydrogen fuel bakar hidrogen
BBM,Aviation Turbine Fuel (Avtur) / Bahan Bakar Pesawat Jet,aviation turbine fuel avtur bahan bakar pesawat jet,aviation turbine fuel avtur bakar pesawat jet
BBM,Aviation Gasoline (Avgas) / Bensin Pesawat,aviation gasoline avgas bensin pesawat,aviation gasoline avgas bensin pesawat
BBM,Marine Fuel Oil / Bahan Bakar Kapal,marine fuel oil bahan bakar kapal,marine fuel oil bakar kapal
BBM,Fuel Oil / Minyak Bakar,fuel oil minyak bakar,fuel oil minyak bakar
BBM,Industrial Diesel / Solar Industri,industrial diesel solar industri,industrial diesel industri
BBM,High Speed Diesel / Solar Kecepatan Tinggi,high speed diesel solar kecepatan tinggi,high speed diesel kecepatan
BBM,Low Sulfur Diesel / Solar Rendah Sulfur,low sulfur diesel solar rendah sulfur,low sulfur diesel sulfur
BBM,Subsidized Diesel / Solar Subsidi,subsidized diesel solar subsidi,subsidized diesel subsidi
BBM,Non Subsidized Diesel / Solar Non Subsidi,non subsidized diesel solar non subsidi,non subsidized diesel non subsidi
BBM,Kerosene / Minyak Tanah,kerosene minyak tanah,kerosene minyak tanah
BBM,Industrial Kerosene / Minyak Tanah Industri,industrial kerosene minyak tanah industri,industrial kerosene minyak tanah industri
BBM,Retail Gasoline / Bensin Eceran,retail gasoline bensin eceran,retail gasoline bensin eceran
BBM,Retail Diesel / Solar Eceran,retail diesel solar eceran,retail diesel eceran
BBM,Jerry Can Fuel / BBM Jerigen,jerry can fuel bbm jerigen,jerry can fuel bbm jerigen
BBM,Fuel Card Top Up / Isi Ulang Kartu BBM,fuel card top up isi ulang kartu bbm,fuel card up ulang kartu bbm
BBM,Fuel Voucher / Voucher BBM,fuel voucher voucher bbm,fuel bbm
BBM,Emergency Fuel Delivery / Antar BBM Darurat,emergency fuel delivery antar bbm darurat,emergency fuel delivery bbm darurat
BBM,Motorcycle Refuel / Isi BBM Motor,motorcycle refuel isi bbm motor,motorcycle refuel bbm motor
BBM,Car Refuel / Isi BBM Mobil,car refuel isi bbm mobil,car refuel bbm
BBM,Truck Refuel / Isi BBM Truk,truck refuel isi bbm truk,truck refuel bbm truk
BBM,Bus Refuel / Isi BBM Bus,bus refuel isi bbm bus,bus refuel bbm bus
BBM,Boat Refuel / Isi BBM Kapal,boat refuel isi bbm kapal,boat refuel bbm kapal
BBM,Generator Refuel / Isi BBM Genset,generator refuel isi bbm genset,generator refuel bbm genset
BBM,Heavy Equipment Refuel / Isi BBM Alat Berat,heavy equipment refuel isi bbm alat berat,heavy equipment refuel bbm alat berat
BBM,Full Tank Pertalite / Tangki Penuh Pertalite,full tank pertalite tangki penuh pertalite,tank pertalite tangki pertalite
BBM,Full Tank Pertamax / Tangki Penuh Pertamax,full tank pertamax tangki penuh pertamax,tank pertamax tangki pertamax
BBM,Full Tank Diesel / Tangki Penuh Solar,full tank diesel tangki penuh solar,tank diesel tangki
BBM,Partial Refuel / Isi BBM Sebagian,partial refuel isi bbm sebagian,partial refuel bbm
BBM,Fuel Additive / Aditif BBM,fuel additive aditif bbm,fuel additive bbm
BBM,Octane Booster / Penambah Oktan,octane booster penambah oktan,octane booster penambah oktan
BBM,Cetane Booster / Penambah Cetane,cetane booster penambah cetane,cetane booster penambah cetane
BBM,AdBlue Diesel,adblue diesel,adblue diesel
BBM,2T Oil Mix / Oli Campuran 2T,t oil mix oli campuran t,oil oli campuran
BBM,Fuel Promo / Promo BBM,fuel promo promo bbm,fuel bbm
BBM,Fuel Cashback / Cashback BBM,fuel cashback cashback bbm,fuel bbm
BBM,Fuel Membership / Membership BBM,fuel membership membership bbm,fuel membership membership bbm
BBM,Fuel Subscription / Langganan BBM,fuel subscription langganan bbm,fuel subscription langganan bbm
BBM,Corporate Fuel Card / Kartu BBM Perusahaan,corporate fuel card kartu bbm perusahaan,corporate fuel card kartu bbm perusahaan
BBM,Fleet Fuel Management / Manajemen BBM Armada,fleet fuel management manajemen bbm armada,fleet fuel management manajemen bbm armada
BBM,Rest Area Refuel / Isi BBM Rest Area,rest area refuel isi bbm rest area,rest area refuel bbm rest area
BBM,Airport Refuel / Isi BBM Bandara,airport refuel isi bbm bandara,airport refuel bbm bandara
BBM,Port Refuel / Isi BBM Pelabuhan,port refuel isi bbm pelabuhan,port refuel bbm pelabuhan
BBM,Mini Fuel Station / SPBU Mini,mini fuel station spbu mini,fuel station spbu
BBM,Pertashop,pertashop,pertashop
BBM,Private Fuel Station / SPBU Swasta,private fuel station spbu swasta,private fuel station spbu
BBM,Public Fuel Station / SPBU Umum,public fuel station spbu umum,public fuel station spbu
BBM,Self Service Fuel Station / SPBU Layanan Mandiri,self service fuel station spbu layanan mandiri,self service fuel station spbu layanan
BBM,Fleet Fuel Delivery / Antar BBM Armada,fleet fuel delivery antar bbm armada,fleet fuel delivery bbm armada
BBM,EV Motorcycle Charging / Charging Motor Listrik,ev motorcycle charging charging motor listrik,ev motorcycle charging charging motor listrik
BBM,EV Car Charging / Charging Mobil Listrik,ev car charging charging mobil listrik,ev car charging charging listrik
BBM,Fast Charging Member / Fast Charging Member,fast charging member fast charging member,fast charging member fast charging member
BBM,Premium Ultra Charging / Ultra Charging Premium,premium ultra charging ultra charging premium,charging charging
BBM,Fuel Other / BBM Lainnya,fuel other bbm lainnya,fuel other bbm
Transport Umum,Bus Kota / City Bus,bus kota city bus,bus kota city bus
Transport Umum,Bus Rapid Transit (BRT) / Bus Rapid Transit,bus rapid transit brt bus rapid transit,bus rapid transit brt bus rapid transit
Transport Umum,TransJakarta,transjakarta,transjakarta
Transport Umum,Trans Jogja,trans jogja,trans jogja
Transport Umum,Trans Semarang,trans semarang,trans semarang
Transport Umum,Bus Antar Kota / Intercity Bus,bus antar kota intercity bus,bus kota intercity bus
Transport Umum,Bus Antar Provinsi / Interprovincial Bus,bus antar provinsi interprovincial bus,bus provinsi interprovincial bus
Transport Umum,Bus Pariwisata / Tourist Bus,bus pariwisata tourist bus,bus pariwisata tourist bus
Transport Umum,Shuttle Bus / Bus Shuttle,shuttle bus bus shuttle,shuttle bus bus shuttle
Transport Umum,Feeder Bus / Bus Pengumpan,feeder bus bus pengumpan,feeder bus bus pengumpan
Transport Umum,Minibus Umum / Public Minibus,minibus umum public minibus,minibus public minibus
Transport Umum,Mikrotrans / Micro Transit,mikrotrans micro transit,mikrotrans micro transit
Transport Umum,Angkot / Public Van,angkot public van,angkot public van
Transport Umum,Elf Travel / Elf Shuttle,elf travel elf shuttle,elf travel elf shuttle
Transport Umum,Travel Antar Kota / Intercity Shuttle,travel antar kota intercity shuttle,travel kota intercity shuttle
Transport Umum,Ojek Pangkalan / Conventional Motorcycle Taxi,ojek pangkalan conventional motorcycle taxi,ojek pangkalan conventional motorcycle taxi
Transport Umum,Becak / Pedicab,becak pedicab,becak pedicab
Transport Umum,Bentor / Motorized Rickshaw,bentor motorized rickshaw,bentor motorized rickshaw
Transport Umum,Bajaj / Auto Rickshaw,bajaj auto rickshaw,bajaj auto rickshaw
Transport Umum,Delman / Horse Carriage,delman horse carriage,delman horse carriage
Transport Umum,Kereta Ekonomi / Economy Train,kereta ekonomi economy train,kereta ekonomi economy train
Transport Umum,Kereta Bisnis / Business Train,kereta bisnis business train,kereta bisnis business train
Transport Umum,Kereta Eksekutif / Executive Train,kereta eksekutif executive train,kereta eksekutif executive train
Transport Umum,Kereta Lokal / Local Train,kereta lokal local train,kereta local train
Transport Umum,Kereta Bandara / Airport Train,kereta bandara airport train,kereta bandara airport train
Transport Umum,Kereta Cepat / High Speed Rail,kereta cepat high speed rail,kereta high speed rail
Transport Umum,KRL Commuter Line / Commuter Rail,krl commuter line commuter rail,krl commuter line commuter rail
Transport Umum,MRT / Mass Rapid Transit,mrt mass rapid transit,mrt mass rapid transit
Transport Umum,LRT / Light Rail Transit,lrt light rail transit,lrt light rail transit
Transport Umum,Monorel / Monorail,monorel monorail,monorel monorail
Transport Umum,Tram / Tram,tram tram,tram tram
Transport Umum,Subway / Kereta Bawah Tanah,subway kereta bawah tanah,subway kereta tanah
Transport Umum,Ferry Penyeberangan / Passenger Ferry,ferry penyeberangan passenger ferry,ferry penyeberangan passenger ferry
Transport Umum,Kapal Cepat / Fast Boat,kapal cepat fast boat,kapal fast boat
Transport Umum,Water Bus / Bus Air,water bus bus air,water bus bus air
Transport Umum,Taksi Reguler / Regular Taxi,taksi reguler regular taxi,taksi taxi
Transport Umum,Taksi Bandara / Airport Taxi,taksi bandara airport taxi,taksi bandara airport taxi
Transport Umum,Taksi Premium / Premium Taxi,taksi premium premium taxi,taksi taxi
Transport Umum,Shuttle Bandara / Airport Shuttle,shuttle bandara airport shuttle,shuttle bandara airport shuttle
Transport Umum,Shuttle Hotel / Hotel Shuttle,shuttle hotel hotel shuttle,shuttle hotel hotel shuttle
Transport Umum,Shuttle Kampus / Campus Shuttle,shuttle kampus campus shuttle,shuttle kampus campus shuttle
Transport Umum,Shuttle Kantor / Office Shuttle,shuttle kantor office shuttle,shuttle kantor office shuttle
Transport Umum,Park and Ride / Park and Ride,park and ride park and ride,park and ride park and ride
Transport Umum,Tiket Harian / Daily Pass,tiket harian daily pass,tiket harian daily pass
Transport Umum,Tiket Mingguan / Weekly Pass,tiket mingguan weekly pass,tiket mingguan weekly pass
Transport Umum,Tiket Bulanan / Monthly Pass,tiket bulanan monthly pass,tiket bulanan monthly pass
Transport Umum,Tiket Tahunan / Annual Pass,tiket tahunan annual pass,tiket tahunan annual pass
Transport Umum,Kartu Multi Trip / Multi Trip Card,kartu multi trip multi trip card,kartu multi trip multi trip card
Transport Umum,E-Money Transport / Transport E-Money,emoney transport transport emoney,emoney transport transport emoney
Transport Umum,QR Ticket / Tiket QR,qr ticket tiket qr,qr ticket tiket qr
Transport Umum,Langganan Komuter / Commuter Subscription,langganan komuter commuter subscription,langganan komuter commuter subscription
Transport Umum,Tarif Pelajar / Student Fare,tarif pelajar student fare,tarif pelajar student fare
Transport Umum,Tarif Lansia / Senior Fare,tarif lansia senior fare,tarif fare
Transport Umum,Tarif Disabilitas / Disability Fare,tarif disabilitas disability fare,tarif disabilitas disability fare
Transport Umum,Tarif Ekspres / Express Fare,tarif ekspres express fare,tarif express fare
Transport Umum,Tarif Reguler / Regular Fare,tarif reguler regular fare,tarif fare
Transport Umum,Tiket Sekali Jalan / Single Ride Ticket,tiket sekali jalan single ride ticket,tiket jalan single ride ticket
Transport Umum,Tiket Pulang Pergi / Round Trip Ticket,tiket pulang pergi round trip ticket,tiket pulang pergi round trip ticket
Transport Umum,Tiket Transit / Transit Ticket,tiket transit transit ticket,tiket transit transit ticket
Transport Umum,Tiket Wisata / Tourist Pass,tiket wisata tourist pass,tiket wisata tourist pass
Transport Umum,Tiket Event / Event Transport Pass,tiket event event transport pass,tiket event event transport pass
Transport Umum,Tiket Malam / Night Service Ticket,tiket malam night service ticket,tiket malam night service ticket
Transport Umum,Transport Pedesaan / Rural Transport,transport pedesaan rural transport,transport pedesaan rural transport
Transport Umum,Transport Perkotaan / Urban Transport,transport perkotaan urban transport,transport perkotaan urban transport
Transport Umum,Transport Pinggiran Kota / Suburban Transport,transport pinggiran kota suburban transport,transport pinggiran kota suburban transport
Transport Umum,Layanan Jam Sibuk / Peak Hour Service,layanan jam sibuk peak hour service,layanan jam sibuk peak hour service
Transport Umum,Layanan Malam / Night Service,layanan malam night service,layanan malam night service
Transport Umum,Layanan Akhir Pekan / Weekend Service,layanan akhir pekan weekend service,layanan pekan weekend service
Transport Umum,Layanan Hari Libur / Holiday Service,layanan hari libur holiday service,layanan libur holiday service
Transport Umum,Bus Sekolah / School Bus,bus sekolah school bus,bus sekolah school bus
Transport Umum,Antar Jemput Karyawan / Employee Shuttle,antar jemput karyawan employee shuttle,jemput karyawan employee shuttle
Transport Umum,Antar Jemput Mahasiswa / Student Shuttle,antar jemput mahasiswa student shuttle,jemput mahasiswa student shuttle
Transport Umum,Transport Wisata Kota / City Tour Transport,transport wisata kota city tour transport,transport wisata kota city tour transport
Transport Umum,Charter Bus Umum / Public Charter Bus,charter bus umum public charter bus,charter bus public charter bus
Transport Umum,Shared Van / Van Bersama,shared van van bersama,shared van van
Transport Umum,Public Transport Other / Transport Umum Lainnya,public transport other transport umum lainnya,public transport other transport
Transport Umum,ACI (Aku Cinta Indonesia),aci aku cinta indonesia,aci cinta indonesia
Transportasi,Shell Diesel,shell diesel,shell diesel
Transportasi,isi bensin,isi bensin,bensin
Transportasi,SPBU,spbu,spbu
Transportasi,fuel,fuel,fuel
Transportasi,gasoline,gasoline,gasoline
Transportasi,diesel,diesel,diesel
Transportasi,Gojek,gojek,gojek
Transportasi,Grab,grab,grab
Transportasi,GrabBike,grabbike,grabbike
Transportasi,GrabCar,grabcar,grabcar
Transportasi,Maxim,maxim,maxim
Transportasi,inDrive,indrive,indrive
Transportasi,Bluebird app,bluebird app,bluebird app
Transportasi,taxi online,taxi online,taxi
Transportasi,ojol,ojol,ojol
Transportasi,Blue Bird,blue bird,blue bird
Transportasi,Express Taxi,express taxi,express taxi
Transportasi,taxi bandara,taxi bandara,taxi bandara
Transportasi,taksi reguler,taksi reguler,taksi
Transportasi,MRT Jakarta,mrt jakarta,mrt jakarta
Transportasi,LRT Jakarta,lrt jakarta,lrt jakarta
Transportasi,KRL,krl,krl
Transportasi,Commuter Line,commuter line,commuter line
Transportasi,bus kota,bus kota,bus kota
Transportasi,angkot,angkot,angkot
Transportasi,mikrotrans,mikrotrans,mikrotrans
Transportasi,Damri,damri,damri
Transportasi,shuttle bus,shuttle bus,shuttle bus
Transportasi,travel bus,travel bus,travel bus
Transportasi,KAI,kai,kai
Transportasi,tiket kereta,tiket kereta,tiket kereta
Transportasi,kereta api,kereta api,kereta api
Transportasi,Whoosh,whoosh,whoosh
Transportasi,KCIC,kcic,kcic
Transportasi,rail ticket,rail ticket,rail ticket
Transportasi,tiket pesawat,tiket pesawat,tiket pesawat
Transportasi,Garuda Indonesia,garuda indonesia,garuda indonesia
Transportasi,Lion Air,lion air,lion air
Transportasi,Citilink,citilink,citilink
Transportasi,AirAsia,airasia,airasia
Transportasi,Batik Air,batik air,batik air
Transportasi,Super Air Jet,super air jet,air jet
Transportasi,airport tax,airport tax,airport tax
Transportasi,bagasi pesawat,bagasi pesawat,bagasi pesawat
Transportasi,ASDP,asdp,asdp
Transportasi,ferry,ferry,ferry
Transportasi,kapal laut,kapal laut,kapal laut
Transportasi,tiket kapal,tiket kapal,tiket kapal
Transportasi,Pelni,pelni,pelni
Transportasi,e-toll,etoll,etoll
Transportasi,Flazz toll,flazz toll,flazz toll
Transportasi,Mandiri e-money toll,mandiri emoney toll,emoney toll
Transportasi,TapCash toll,tapcash toll,tapcash toll
Transportasi,top up toll,top up toll,up toll
Transportasi,bayar tol,bayar tol,tol
Transportasi,Jasa Marga,jasa marga,jasa marga
Transportasi,parkir,parkir,parkir
Transportasi,parking,parking,parking
Transportasi,valet,valet,valet
Transportasi,parkir mall,parkir mall,parkir mall
Transportasi,parkir bandara,parkir bandara,parkir bandara
Transportasi,parkir stasiun,parkir stasiun,parkir stasiun
Transportasi,ganti oli,ganti oli,ganti oli
Transportasi,servis motor,servis motor,servis motor
Transportasi,servis mobil,servis mobil,servis
Transportasi,tune up,tune up,tune up
Transportasi,spooring,spooring,spooring
Transportasi,balancing,balancing,balancing
Transportasi,bengkel,bengkel,bengkel
Transportasi,tambal ban,tambal ban,tambal ban
Transportasi,cuci mobil,cuci mobil,
Transportasi,cuci motor,cuci motor,motor
Transportasi,pajak motor,pajak motor,pajak motor
Transportasi,pajak mobil,pajak mobil,pajak
Transportasi,STNK,stnk,stnk
Transportasi,BPKB,bpkb,bpkb
Transportasi,perpanjang SIM,perpanjang sim,perpanjang sim
Transportasi,mutasi kendaraan,mutasi kendaraan,mutasi kendaraan
Transportasi,helm,helm,helm
Transportasi,ban motor,ban motor,ban motor
Transportasi,oli mesin,oli mesin,oli mesin
Transportasi,wiper mobil,wiper mobil,wiper
Transportasi,charger mobil,charger mobil,charger
Transportasi,dashcam,dashcam,dashcam
Transportasi,cover motor,cover motor,cover motor
Transportasi,sewa mobil,sewa mobil,sewa
Transportasi,rental mobil,rental mobil,rental
Transportasi,sewa motor,sewa motor,sewa motor
Transportasi,rental motor,rental motor,rental motor
Transportasi,leasing mobil,leasing mobil,leasing
Transportasi,cicilan mobil,cicilan mobil,cicilan
Transportasi,cicilan motor,cicilan motor,cicilan motor
Transportasi,uang muka kendaraan,uang muka kendaraan,uang muka kendaraan
Transportasi,tol harian,tol harian,tol harian
Transportasi,tol bulanan,tol bulanan,tol bulanan
Transportasi,top up e-money,top up emoney,up emoney
Transportasi,top up flazz,top up flazz,up flazz
Transportasi,top up tapcash,top up tapcash,up tapcash
Transportasi,top up brizzi,top up brizzi,up brizzi
Transportasi,parkir harian,parkir harian,parkir harian
Transportasi,parkir inap,parkir inap,parkir inap
Transportasi,parkir gedung,parkir gedung,parkir gedung
Transportasi,parkir kantor,parkir kantor,parkir kantor
Transportasi,parkir apartemen,parkir apartemen,parkir apartemen
Transportasi,valet parking,valet parking,valet parking
Transportasi,derek mobil,derek mobil,derek
Transportasi,towing,towing,towing
Transportasi,jasa derek,jasa derek,jasa derek
Transportasi,asuransi mobil,asuransi mobil,asuransi
Transportasi,asuransi motor,asuransi motor,asuransi motor
Transportasi,premi kendaraan,premi kendaraan,premi kendaraan
Transportasi,ganti ban,ganti ban,ganti ban
Transportasi,ban mobil,ban mobil,ban
Transportasi,aki mobil,aki mobil,aki
Transportasi,aki motor,aki motor,aki motor
Transportasi,busi,busi,busi
Transportasi,kampas rem,kampas rem,kampas rem
Transportasi,rantai motor,rantai motor,rantai motor
Transportasi,oli transmisi,oli transmisi,oli transmisi
Transportasi,oli gardan,oli gardan,oli gardan
Transportasi,cairan radiator,cairan radiator,cairan radiator
Transportasi,spooring mobil,spooring mobil,spooring
Transportasi,balancing ban,balancing ban,balancing ban
Transportasi,tune up mobil,tune up mobil,tune up
Transportasi,tune up motor,tune up motor,tune up motor
Transportasi,salon mobil,salon mobil,salon
Transportasi,detailing mobil,detailing mobil,detailing
Transportasi,cuci steam motor,cuci steam motor,steam motor
Transportasi,cuci steam mobil,cuci steam mobil,steam
Transportasi,tambal ban tubeless,tambal ban tubeless,tambal ban tubeless
Transportasi,isi nitrogen ban,isi nitrogen ban,nitrogen ban
Transportasi,stiker kendaraan,stiker kendaraan,stiker kendaraan
Transportasi,aksesoris mobil,aksesoris mobil,aksesoris
Transportasi,aksesoris motor,aksesoris motor,aksesoris motor
Transportasi,helm full face,helm full face,helm face
Transportasi,helm half face,helm half face,helm face
Transportasi,jas hujan motor,jas hujan motor,jas hujan motor
Transportasi,sarung jok mobil,sarung jok mobil,sarung jok
Transportasi,cover mobil,cover mobil,cover
Transportasi,holder hp motor,holder hp motor,holder hp motor
Transportasi,dashcam mobil,dashcam mobil,dashcam
Transportasi,GPS mobil,gps mobil,gps
Transportasi,tiket bus AKAP,tiket bus akap,tiket bus akap
Transportasi,tiket bus kota,tiket bus kota,tiket bus kota
Transportasi,tiket shuttle,tiket shuttle,tiket shuttle
Transportasi,travel antar kota,travel antar kota,travel kota
Transportasi,tiket kapal ferry,tiket kapal ferry,tiket kapal ferry
Transportasi,tiket speedboat,tiket speedboat,tiket speedboat
Transportasi,tiket MRT,tiket mrt,tiket mrt
Transportasi,tiket LRT,tiket lrt,tiket lrt
Transportasi,kartu multi trip,kartu multi trip,kartu multi trip
Transportasi,saldo e-money transport,saldo emoney transport,saldo emoney transport
Transportasi,bagasi tambahan,bagasi tambahan,bagasi tambahan
Transportasi,airport lounge transport,airport lounge transport,airport lounge transport
Transportasi,shuttle bandara,shuttle bandara,shuttle bandara
Transportasi,antar jemput bandara,antar jemput bandara,jemput bandara
Transportasi,cargo kendaraan,cargo kendaraan,cargo kendaraan
Transportasi,kirim motor,kirim motor,motor
Transportasi,ekspedisi mobil,ekspedisi mobil,ekspedisi
Transportasi,SIM A,sim a,sim
Transportasi,SIM C,sim c,sim
Transportasi,perpanjang STNK,perpanjang stnk,perpanjang stnk
Transportasi,balik nama kendaraan,balik nama kendaraan,nama kendaraan
Transportasi,mutasi plat,mutasi plat,mutasi plat
Transportasi,uji emisi,uji emisi,uji emisi
Transportasi,tilang,tilang,tilang
Transportasi,denda parkir,denda parkir,denda parkir
Transportasi,denda tol,denda tol,denda tol
Transportasi,bensin eceran,bensin eceran,bensin eceran
Transportasi,solar industri,solar industri,industri
Transportasi,isi bensin motor,isi bensin motor,bensin motor
Transportasi,isi bensin mobil,isi bensin mobil,bensin
Transportasi,voucher BBM,voucher bbm,bbm
Transportasi,refill BBM,refill bbm,refill bbm
Transportasi,charging mobil listrik,charging mobil listrik,charging listrik
Transportasi,charging motor listrik,charging motor listrik,charging motor listrik
Transportasi,sewa sepeda,sewa sepeda,sewa sepeda
Transportasi,rental sepeda listrik,rental sepeda listrik,rental sepeda listrik
Transportasi,scooter listrik,scooter listrik,scooter listrik
Transportasi,sewa skuter,sewa skuter,sewa skuter
Transportasi,bike sharing,bike sharing,bike sharing
Transportasi,ojek pangkalan,ojek pangkalan,ojek pangkalan
Transportasi,becak,becak,becak
Transportasi,delman,delman,delman
Transportasi,bajaj,bajaj,bajaj
Transportasi,bentor,bentor,bentor
Transportasi,angkutan desa,angkutan desa,angkutan desa
Transportasi,minibus,minibus,minibus
Transportasi,elf travel,elf travel,elf travel
Transportasi,shuttle hotel,shuttle hotel,shuttle hotel
Transportasi,antar jemput kantor,antar jemput kantor,jemput kantor
Transportasi,jemput anak sekolah,jemput anak sekolah,jemput sekolah
Transportasi,transport karyawan,transport karyawan,transport karyawan
Transportasi,tiket sleeper bus,tiket sleeper bus,tiket sleeper bus
Transportasi,tiket executive bus,tiket executive bus,tiket executive bus
Transportasi,tiket ekonomi bus,tiket ekonomi bus,tiket ekonomi bus
Transportasi,tiket wisata bus,tiket wisata bus,tiket wisata bus
Transportasi,tiket kereta ekonomi,tiket kereta ekonomi,tiket kereta ekonomi
Transportasi,tiket kereta bisnis,tiket kereta bisnis,tiket kereta bisnis
Transportasi,tiket kereta eksekutif,tiket kereta eksekutif,tiket kereta eksekutif
Transportasi,tiket kereta lokal,tiket kereta lokal,tiket kereta
Transportasi,tiket kereta bandara,tiket kereta bandara,tiket kereta bandara
Transportasi,tiket pesawat domestik,tiket pesawat domestik,tiket pesawat
Transportasi,tiket pesawat internasional,tiket pesawat internasional,tiket pesawat internasional
Transportasi,reschedule tiket,reschedule tiket,reschedule tiket
Transportasi,refund tiket,refund tiket,refund tiket
Transportasi,biaya check in bagasi,biaya check in bagasi,biaya check in bagasi
Transportasi,biaya pilih kursi,biaya pilih kursi,biaya kursi
Transportasi,biaya boarding pass,biaya boarding pass,biaya boarding pass
Transportasi,kapal cepat,kapal cepat,kapal
Transportasi,kapal penyeberangan,kapal penyeberangan,kapal penyeberangan
Transportasi,kapal wisata,kapal wisata,kapal wisata
Transportasi,sewa perahu,sewa perahu,sewa perahu
Transportasi,parkir motor,parkir motor,parkir motor
Transportasi,parkir mobil,parkir mobil,parkir
Transportasi,parkir valet mall,parkir valet mall,parkir valet mall
Transportasi,parkir rumah sakit,parkir rumah sakit,parkir rumah
Transportasi,parkir stasiun harian,parkir stasiun harian,parkir stasiun harian
Transportasi,parkir langganan,parkir langganan,parkir langganan
Transportasi,servis AC mobil,servis ac mobil,servis ac
Transportasi,servis rem,servis rem,servis rem
Transportasi,servis kaki-kaki,servis kakikaki,servis kakikaki
Transportasi,servis injeksi,servis injeksi,servis injeksi
Transportasi,servis kelistrikan mobil,servis kelistrikan mobil,servis kelistrikan
Transportasi,servis CVT motor,servis cvt motor,servis cvt motor
Transportasi,ganti oli mesin,ganti oli mesin,ganti oli mesin
Transportasi,ganti filter oli,ganti filter oli,ganti filter oli
Transportasi,ganti filter udara,ganti filter udara,ganti filter udara
Transportasi,ganti lampu mobil,ganti lampu mobil,ganti lampu
Transportasi,ganti lampu motor,ganti lampu motor,ganti lampu motor
Transportasi,ganti kaca spion,ganti kaca spion,ganti kaca spion
Transportasi,ganti wiper,ganti wiper,ganti wiper
Transportasi,cuci interior mobil,cuci interior mobil,interior
Transportasi,fogging AC mobil,fogging ac mobil,fogging ac
Transportasi,poles mobil,poles mobil,poles
Transportasi,poles motor,poles motor,poles motor
Transportasi,stiker kaca film,stiker kaca film,stiker kaca film
Transportasi,kaca film mobil,kaca film mobil,kaca film
Transportasi,audio mobil,audio mobil,
Transportasi,alarm mobil,alarm mobil,alarm
Transportasi,kunci duplikat kendaraan,kunci duplikat kendaraan,kunci duplikat kendaraan
Transportasi,jasa montir panggilan,jasa montir panggilan,jasa montir panggilan
Transportasi,bantuan jalan raya,bantuan jalan raya,bantuan jalan
Transportasi,towing darurat,towing darurat,towing darurat
Transportasi,derek tol,derek tol,derek tol
Transportasi,pajak progresif kendaraan,pajak progresif kendaraan,pajak kendaraan
Transportasi,samsat keliling,samsat keliling,samsat keliling
Transportasi,biaya BPKB,biaya bpkb,biaya bpkb
Transportasi,plat nomor baru,plat nomor baru,plat nomor
Transportasi,ganti STNK hilang,ganti stnk hilang,ganti stnk hilang
Transportasi,denda SIM mati,denda sim mati,denda sim mati
Transportasi,denda keterlambatan pajak,denda keterlambatan pajak,denda keterlambatan pajak
Transportasi,uji KIR kendaraan,uji kir kendaraan,uji kir kendaraan
Transportasi,biaya terminal,biaya terminal,biaya terminal
Transportasi,porter bandara,porter bandara,porter bandara
Transportasi,porter stasiun,porter stasiun,porter stasiun
Maskapai Traveloka,Sriwijaya Air,sriwijaya air,sriwijaya air
Maskapai Traveloka,Scoot,scoot,scoot
Maskapai Traveloka,Singapore Airlines,singapore airlines,singapore airlines
Maskapai Traveloka,Cathay Pacific,cathay pacific,cathay pacific
Maskapai Traveloka,Thai Airways,thai airways,thai airways
Maskapai Traveloka,Qatar Airways,qatar airways,qatar airways
Maskapai Traveloka,Emirates,emirates,emirates
Maskapai Traveloka,Etihad Airways,etihad airways,etihad airways
Maskapai Traveloka,All Nippon Airways (ANA),all nippon airways ana,nippon airways ana
Maskapai Traveloka,Malaysia Airlines,malaysia airlines,malaysia airlines
Maskapai Traveloka,Japan Airlines (JAL),japan airlines jal,japan airlines jal
Maskapai Traveloka,Asiana Airlines,asiana airlines,asiana airlines
Maskapai Traveloka,China Airlines,china airlines,china airlines
Maskapai Traveloka,EVA Air,eva air,eva air
Maskapai Traveloka,KLM,klm,klm
Maskapai Traveloka,Air France,air france,air france
Maskapai Traveloka,Xiamen Airlines,xiamen airlines,xiamen airlines
Maskapai Traveloka,Air China,air china,air china
Maskapai Traveloka,Oman Air,oman air,oman air
Maskapai Traveloka,Lufthansa,lufthansa,lufthansa
Maskapai Traveloka,Delta Air Lines,delta air lines,delta air lines
Maskapai Traveloka,Korean Air,korean air,korean air
Maskapai Traveloka,Nam Air,nam air,nam air
Maskapai Traveloka,Pelita Air,pelita air,pelita air
Maskapai Traveloka,Jetstar,jetstar,jetstar
Maskapai Traveloka,Firefly,firefly,firefly
Maskapai Traveloka,Thai Lion Air,thai lion air,thai lion air
Maskapai Traveloka,Wings Air,wings air,wings air
Maskapai Traveloka,Trigana Air,trigana air,trigana air
Maskapai Traveloka,TransNusa Aviation,transnusa aviation,transnusa aviation
Maskapai Traveloka,Bangkok Airways,bangkok airways,bangkok airways
Maskapai Traveloka,Philippine Airlines,philippine airlines,philippine airlines
Maskapai Traveloka,Vietnam Airlines,vietnam airlines,vietnam airlines
Maskapai Traveloka,Qantas,qantas,qantas
Maskapai Traveloka,Turkish Airlines,turkish airlines,turkish airlines
Maskapai Traveloka,American Airlines,american airlines,american airlines
Maskapai Traveloka,China Southern Airlines,china southern airlines,china southern airlines
Maskapai Traveloka,Royal Brunei Airlines,royal brunei airlines,brunei airlines
Maskapai Traveloka,Virgin Australia,virgin australia,virgin australia
Maskapai Traveloka,EgyptAir,egyptair,egyptair
Maskapai Traveloka,United Airlines,united airlines,united airlines
Maskapai Traveloka,SriLankan Airlines,srilankan airlines,srilankan airlines
Maskapai Traveloka,Cebu Pacific,cebu pacific,cebu pacific
Maskapai Traveloka,Saudia Airlines,saudia airlines,saudia airlines
Maskapai Traveloka,Starlux,starlux,starlux
Maskapai Traveloka,FlyJaya,flyjaya,flyjaya
Dummy,Tiket Garuda Indonesia,tiket garuda indonesia,tiket garuda indonesia
Dummy,Tiket Citilink,tiket citilink,tiket citilink
Dummy,Tiket Lion Air,tiket lion air,tiket lion air
Dummy,Tiket Batik Air,tiket batik air,tiket batik air
Dummy,Tiket AirAsia,tiket airasia,tiket airasia
Dummy,Tiket Super Air Jet,tiket super air jet,tiket air jet
Dummy,Tiket Scoot,tiket scoot,tiket scoot
Dummy,Tiket Singapore Airlines,tiket singapore airlines,tiket singapore airlines
Dummy,Tiket Cathay Pacific,tiket cathay pacific,tiket cathay pacific
Dummy,Tiket Thai Airways,tiket thai airways,tiket thai airways
Dummy,Tiket Qatar Airways,tiket qatar airways,tiket qatar airways
Dummy,Tiket Emirates,tiket emirates,tiket emirates
Dummy,Tiket Etihad Airways,tiket etihad airways,tiket etihad airways
Dummy,Tiket All Nippon Airways,tiket all nippon airways,tiket nippon airways
Dummy,Tiket Malaysia Airlines,tiket malaysia airlines,tiket malaysia airlines
Dummy,Tiket Japan Airlines,tiket japan airlines,tiket japan airlines
Dummy,Tiket Asiana Airlines,tiket asiana airlines,tiket asiana airlines
Dummy,Tiket China Airlines,tiket china airlines,tiket china airlines
Dummy,Tiket EVA Air,tiket eva air,tiket eva air
Dummy,Tiket KLM,tiket klm,tiket klm
Dummy,Tiket Air France,tiket air france,tiket air france
Dummy,Tiket Xiamen Airlines,tiket xiamen airlines,tiket xiamen airlines
Dummy,Tiket Air China,tiket air china,tiket air china
Dummy,Tiket Oman Air,tiket oman air,tiket oman air
Dummy,Tiket Lufthansa,tiket lufthansa,tiket lufthansa
Dummy,Tiket Delta Air Lines,tiket delta air lines,tiket delta air lines
Dummy,Tiket Korean Air,tiket korean air,tiket korean air
Dummy,Tiket Nam Air,tiket nam air,tiket nam air
Dummy,Tiket Pelita Air,tiket pelita air,tiket pelita air
Dummy,Tiket Jetstar,tiket jetstar,tiket jetstar
Dummy,Tiket Firefly,tiket firefly,tiket firefly
Dummy,Tiket Thai Lion Air,tiket thai lion air,tiket thai lion air
Dummy,Tiket Wings Air,tiket wings air,tiket wings air
Dummy,Tiket Trigana Air,tiket trigana air,tiket trigana air
Dummy,Tiket TransNusa Aviation,tiket transnusa aviation,tiket transnusa aviation
Dummy,Tiket Bangkok Airways,tiket bangkok airways,tiket bangkok airways
Dummy,Tiket Philippine Airlines,tiket philippine airlines,tiket philippine airlines
Dummy,Tiket Vietnam Airlines,tiket vietnam airlines,tiket vietnam airlines
Dummy,Tiket Qantas,tiket qantas,tiket qantas
Dummy,Tiket Turkish Airlines,tiket turkish airlines,tiket turkish airlines
Dummy,Tiket American Airlines,tiket american airlines,tiket american airlines
Dummy,Tiket China Southern Airlines,tiket china southern airlines,tiket china southern airlines
Dummy,Tiket Royal Brunei Airlines,tiket royal brunei airlines,tiket brunei airlines
Dummy,Tiket Virgin Australia,tiket virgin australia,tiket virgin australia
Dummy,Tiket EgyptAir,tiket egyptair,tiket egyptair
Dummy,Tiket United Airlines,tiket united airlines,tiket united airlines
Dummy,Tiket SriLankan Airlines,tiket srilankan airlines,tiket srilankan airlines
Dummy,Tiket Cebu Pacific,tiket cebu pacific,tiket cebu pacific
Dummy,Tiket Saudia Airlines,tiket saudia airlines,tiket saudia airlines
Dummy,Tiket Starlux,tiket starlux,tiket starlux
Dummy,Tiket FlyJaya,tiket flyjaya,tiket flyjaya
Dummy,Bagasi Tambahan,bagasi tambahan,bagasi tambahan
Dummy,Upgrade Kursi,upgrade kursi,upgrade kursi
Dummy,Pilih Seat,pilih seat,seat
Dummy,Makanan di Pesawat,makanan di pesawat,makanan pesawat
Dummy,Minuman di Pesawat,minuman di pesawat,minuman pesawat
Dummy,Asuransi Perjalanan,asuransi perjalanan,asuransi perjalanan
Dummy,Pajak Bandara,pajak bandara,pajak bandara
Dummy,Biaya Reschedule,biaya reschedule,biaya reschedule
Dummy,Biaya Refund,biaya refund,biaya refund
Dummy,Lounge Bandara,lounge bandara,lounge bandara
Dummy,Shuttle Bandara,shuttle bandara,shuttle bandara
Dummy,Transport ke Bandara,transport ke bandara,transport bandara
Dummy,Hotel Transit,hotel transit,hotel transit
Dummy,Visa Perjalanan,visa perjalanan,visa perjalanan
Dummy,Paspor Baru,paspor baru,paspor
Dummy,Cetak Boarding Pass,cetak boarding pass,cetak boarding pass
Dummy,WiFi Pesawat,wifi pesawat,wifi pesawat
Dummy,Hiburan Premium Pesawat,hiburan premium pesawat,hiburan pesawat
Tiket Kereta,Tiket KAI,tiket kai,tiket kai
Tiket Kereta,Tiket Kereta Ekonomi,tiket kereta ekonomi,tiket kereta ekonomi
Tiket Kereta,Tiket Kereta Bisnis,tiket kereta bisnis,tiket kereta bisnis
Tiket Kereta,Tiket Kereta Eksekutif,tiket kereta eksekutif,tiket kereta eksekutif
Tiket Kereta,Tiket Kereta Luxury,tiket kereta luxury,tiket kereta luxury
Tiket Kereta,Tiket KA Argo Bromo Anggrek,tiket ka argo bromo anggrek,tiket ka argo bromo anggrek
Tiket Kereta,Tiket KA Argo Parahyangan,tiket ka argo parahyangan,tiket ka argo parahyangan
Tiket Kereta,Tiket KA Argo Wilis,tiket ka argo wilis,tiket ka argo wilis
Tiket Kereta,Tiket KA Taksaka,tiket ka taksaka,tiket ka taksaka
Tiket Kereta,Tiket KA Lodaya,tiket ka lodaya,tiket ka lodaya
Tiket Kereta,Tiket KA Malabar,tiket ka malabar,tiket ka malabar
Tiket Kereta,Tiket KA Turangga,tiket ka turangga,tiket ka
Tiket Kereta,Tiket KA Matarmaja,tiket ka matarmaja,tiket ka matarmaja
Tiket Kereta,Tiket KA Majapahit,tiket ka majapahit,tiket ka majapahit
Tiket Kereta,Tiket KA Bengawan,tiket ka bengawan,tiket ka bengawan
Tiket Kereta,Tiket KA Serayu,tiket ka serayu,tiket ka serayu
Tiket Kereta,Tiket KA Kahuripan,tiket ka kahuripan,tiket ka kahuripan
Tiket Kereta,Tiket KA Jayabaya,tiket ka jayabaya,tiket ka jayabaya
Tiket Kereta,Tiket KA Gajayana,tiket ka gajayana,tiket ka gajayana
Tiket Kereta,Tiket KA Bima,tiket ka bima,tiket ka bima
Tiket Kereta,Tiket KA Sembrani,tiket ka sembrani,tiket ka sembrani
Tiket Kereta,Tiket KA Kertajaya,tiket ka kertajaya,tiket ka kertajaya
Tiket Kereta,Tiket KA Sancaka,tiket ka sancaka,tiket ka sancaka
Tiket Kereta,Tiket KA Progo,tiket ka progo,tiket ka progo
Tiket Kereta,Tiket KA Brantas,tiket ka brantas,tiket ka brantas
Tiket Kereta,Tiket KA Logawa,tiket ka logawa,tiket ka logawa
Tiket Kereta,Tiket KA Sri Tanjung,tiket ka sri tanjung,tiket ka sri tanjung
Tiket Kereta,Tiket KA Pasundan,tiket ka pasundan,tiket ka pasundan
Tiket Kereta,Tiket KA Bogowonto,tiket ka bogowonto,tiket ka bogowonto
Tiket Kereta,Tiket KA Fajar Utama,tiket ka fajar utama,tiket ka fajar
Tiket Kereta,Tiket Kereta Bandara,tiket kereta bandara,tiket kereta bandara
Tiket Kereta,Tiket Railink,tiket railink,tiket railink
Tiket Kereta,Tiket LRT Jabodebek,tiket lrt jabodebek,tiket lrt jabodebek
Tiket Kereta,Tiket MRT Jakarta,tiket mrt jakarta,tiket mrt jakarta
Tiket Kereta,Tiket KRL Commuter Line,tiket krl commuter line,tiket krl commuter line
Tiket Kereta,Tiket Kereta Cepat Whoosh,tiket kereta cepat whoosh,tiket kereta whoosh
Tiket Kereta,Upgrade Kursi Kereta,upgrade kursi kereta,upgrade kursi kereta
Tiket Kereta,Pilih Seat Kereta,pilih seat kereta,seat kereta
Tiket Kereta,Makanan di Kereta,makanan di kereta,makanan kereta
Tiket Kereta,Minuman di Kereta,minuman di kereta,minuman kereta
Tiket Kereta,Bagasi Tambahan Kereta,bagasi tambahan kereta,bagasi tambahan kereta
Tiket Kereta,Biaya Reschedule Tiket Kereta,biaya reschedule tiket kereta,biaya reschedule tiket kereta
Tiket Kereta,Biaya Refund Tiket Kereta,biaya refund tiket kereta,biaya refund tiket kereta
Tiket Kereta,Lounge Stasiun,lounge stasiun,lounge stasiun
Tiket Kereta,Shuttle ke Stasiun,shuttle ke stasiun,shuttle stasiun
Tiket Kereta,Transport ke Stasiun,transport ke stasiun,transport stasiun
Tiket Kereta,Hotel Transit Dekat Stasiun,hotel transit dekat stasiun,hotel transit stasiun
Tiket Kereta,Cetak Boarding Pass Kereta,cetak boarding pass kereta,cetak boarding pass kereta
Tiket Kereta,Porter Stasiun,porter stasiun,porter stasiun
Tiket Kereta,Sewa Selimut Kereta,sewa selimut kereta,sewa selimut kereta
Tiket Kereta,WiFi Kereta,wifi kereta,wifi kereta
Tiket Kereta,Tiket Sleeper Train,tiket sleeper train,tiket sleeper train
Tiket Kereta,Tiket Kereta Wisata,tiket kereta wisata,tiket kereta wisata
Tiket Kereta,Tiket Kereta Lokal,tiket kereta lokal,tiket kereta
Tiket Kereta,Tiket Kereta Antar Kota,tiket kereta antar kota,tiket kereta kota
Tiket Kereta,Tiket Kereta Pulang Pergi,tiket kereta pulang pergi,tiket kereta pulang pergi
Tiket Whoosh,Tiket Whoosh Ekonomi,tiket whoosh ekonomi,tiket whoosh ekonomi
Tiket Whoosh,Tiket Whoosh Premium,tiket whoosh premium,tiket whoosh
Tiket Whoosh,Tiket Whoosh Bisnis,tiket whoosh bisnis,tiket whoosh bisnis
Tiket Whoosh,Tiket Whoosh First Class,tiket whoosh first class,tiket whoosh first class
Tiket Whoosh,Tiket Whoosh Ekonomi Promo,tiket whoosh ekonomi promo,tiket whoosh ekonomi
Tiket Whoosh,Tiket Whoosh Premium Promo,tiket whoosh premium promo,tiket whoosh
Tiket Whoosh,Tiket Whoosh Bisnis Promo,tiket whoosh bisnis promo,tiket whoosh bisnis
Tiket Whoosh,Tiket Whoosh First Class Promo,tiket whoosh first class promo,tiket whoosh first class
Tiket Whoosh,Tiket Whoosh Pulang Pergi,tiket whoosh pulang pergi,tiket whoosh pulang pergi
Tiket Whoosh,Tiket Whoosh One Way,tiket whoosh one way,tiket whoosh one way
Tiket Whoosh,Tiket Whoosh Weekend,tiket whoosh weekend,tiket whoosh weekend
Tiket Whoosh,Tiket Whoosh Weekday,tiket whoosh weekday,tiket whoosh weekday
Tiket Whoosh,Tiket Whoosh Jam Sibuk,tiket whoosh jam sibuk,tiket whoosh jam sibuk
Tiket Whoosh,Tiket Whoosh Non Peak,tiket whoosh non peak,tiket whoosh non peak
Tiket Whoosh,Upgrade Kursi Whoosh,upgrade kursi whoosh,upgrade kursi whoosh
Tiket Whoosh,Upgrade ke Premium Whoosh,upgrade ke premium whoosh,upgrade whoosh
Tiket Whoosh,Upgrade ke Bisnis Whoosh,upgrade ke bisnis whoosh,upgrade bisnis whoosh
Tiket Whoosh,Upgrade ke First Class Whoosh,upgrade ke first class whoosh,upgrade first class whoosh
Tiket Whoosh,Pilih Seat Whoosh,pilih seat whoosh,seat whoosh
Tiket Whoosh,Reschedule Tiket Whoosh,reschedule tiket whoosh,reschedule tiket whoosh
Tiket Whoosh,Refund Tiket Whoosh,refund tiket whoosh,refund tiket whoosh
Tiket Whoosh,Biaya Pembatalan Whoosh,biaya pembatalan whoosh,biaya pembatalan whoosh
Tiket Whoosh,Booking Online Whoosh,booking online whoosh,booking whoosh
Tiket Whoosh,Tiket Grup Whoosh,tiket grup whoosh,tiket grup whoosh
Tiket Whoosh,Tiket Corporate Whoosh,tiket corporate whoosh,tiket corporate whoosh
Tiket Whoosh,Tiket Pelajar Whoosh,tiket pelajar whoosh,tiket pelajar whoosh
Tiket Whoosh,Tiket Lansia Whoosh,tiket lansia whoosh,tiket whoosh
Tiket Whoosh,Tiket Anak Whoosh,tiket anak whoosh,tiket whoosh
Tiket Whoosh,Tiket Prioritas Whoosh,tiket prioritas whoosh,tiket prioritas whoosh
Tiket Whoosh,Lounge Whoosh,lounge whoosh,lounge whoosh
Tiket Whoosh,Parkir Stasiun Whoosh,parkir stasiun whoosh,parkir stasiun whoosh
Tiket Whoosh,Shuttle ke Stasiun Whoosh,shuttle ke stasiun whoosh,shuttle stasiun whoosh
Tiket Whoosh,Transport ke Stasiun Whoosh,transport ke stasiun whoosh,transport stasiun whoosh
Tiket Whoosh,Bagasi Tambahan Whoosh,bagasi tambahan whoosh,bagasi tambahan whoosh
Tiket Whoosh,Porter Stasiun Whoosh,porter stasiun whoosh,porter stasiun whoosh
Tiket Whoosh,WiFi Premium Whoosh,wifi premium whoosh,wifi whoosh
Tiket Whoosh,Tiket Whoosh Jakarta Bandung,tiket whoosh jakarta bandung,tiket whoosh jakarta bandung
Tiket Whoosh,Tiket Whoosh Bandung Jakarta,tiket whoosh bandung jakarta,tiket whoosh bandung jakarta
Tiket Whoosh,Tiket Whoosh Halim Padalarang,tiket whoosh halim padalarang,tiket whoosh halim padalarang
Tiket Whoosh,Tiket Whoosh Halim Tegalluar,tiket whoosh halim tegalluar,tiket whoosh halim tegalluar
Tiket Whoosh,Tiket Langganan Whoosh,tiket langganan whoosh,tiket langganan whoosh
Tiket Whoosh,Tiket Harian Whoosh,tiket harian whoosh,tiket harian whoosh
Tiket Whoosh,Tiket Mendadak Whoosh,tiket mendadak whoosh,tiket mendadak whoosh
Tiket Whoosh,Tiket Early Booking Whoosh,tiket early booking whoosh,tiket early booking whoosh
Tiket Whoosh,Tiket Flexible Whoosh,tiket flexible whoosh,tiket flexible whoosh
Tiket Whoosh,Tiket Non Refundable Whoosh,tiket non refundable whoosh,tiket non refundable whoosh
Tiket Whoosh,Tiket Priority Boarding Whoosh,tiket priority boarding whoosh,tiket priority boarding whoosh
Tiket Whoosh,Tiket Fast Track Whoosh,tiket fast track whoosh,tiket fast track whoosh
Bus Parawisata,Aerotrans (Jakarta),aerotrans jakarta,aerotrans jakarta
Bus Parawisata,Agra Icon,agra icon,agra icon
Bus Parawisata,AJA,aja,aja
Bus Parawisata,Alegra,alegra,alegra
Bus Parawisata,AM Shantika,am shantika,am shantika
Bus Parawisata,AM Trans,am trans,am trans
Bus Parawisata,AO Transport,ao transport,ao transport
Bus Parawisata,Ardana,ardana,ardana
Bus Parawisata,Ardian Transport,ardian transport,ardian transport
Bus Parawisata,Arimbi,arimbi,arimbi
Bus Parawisata,Arion (Jakarta),arion jakarta,arion jakarta
Bus Parawisata,Aris Trans,aris trans,aris trans
Bus Parawisata,Armada Jaya Perkasa,armada jaya perkasa,armada
Bus Parawisata,Arya Kencana,arya kencana,arya kencana
Bus Parawisata,Asyaco,asyaco,asyaco
Bus Parawisata,Atmajaya,atmajaya,atmajaya
Bus Parawisata,Bahana,bahana,
Bus Parawisata,BEE Bus,bee bus,bee bus
Bus Parawisata,Bejeu,bejeu,bejeu
Bus Parawisata,BGS Trans,bgs trans,bgs trans
Bus Parawisata,Bhaladatika Tour (Jakarta),bhaladatika tour jakarta,bhaladatika tour jakarta
Bus Parawisata,Bhineka,bhineka,bhineka
Bus Parawisata,Big Bird (Jakarta dan Surabaya),big bird jakarta dan surabaya,big bird jakarta surabaya
Bus Parawisata,Bina Transport,bina transport,bina transport
Bus Parawisata,Bintang Tiga,bintang tiga,bintang
Bus Parawisata,Bintang Wisata,bintang wisata,bintang wisata
Bus Parawisata,Blue Star,blue star,blue star
Bus Parawisata,Buah Batu,buah batu,batu
Bus Parawisata,Budiman Pariwisata,budiman pariwisata,budiman pariwisata
Bus Parawisata,Bulan Jaya,bulan jaya,
Bus Parawisata,Cipaganti,cipaganti,cipaganti
Bus Parawisata,Cipta Karunia,cipta karunia,cipta karunia
Bus Parawisata,Citra Dewi,citra dewi,citra dewi
Bus Parawisata,City Trans Utama,city trans utama,city trans
Bus Parawisata,Cleo,cleo,cleo
Bus Parawisata,Deborah,deborah,deborah
Bus Parawisata,Desiana,desiana,desiana
Bus Parawisata,Dewi Sri Pariwisata,dewi sri pariwisata,dewi sri pariwisata
Bus Parawisata,Dieng Indah Pariwisata,dieng indah pariwisata,dieng pariwisata
Bus Parawisata,Discovery,discovery,discovery
Bus Parawisata,Dutro Minibus,dutro minibus,dutro minibus
Bus Parawisata,Effesiensi,effesiensi,effesiensi
Bus Parawisata,Epa Star,epa star,epa star
Bus Parawisata,Esem Abadi,esem abadi,esem
Bus Parawisata,Etrans,etrans,etrans
Bus Parawisata,Express Eagle High (Jakarta),express eagle high jakarta,express eagle high jakarta
Bus Parawisata,Fajar Transport,fajar transport,fajar transport
Bus Parawisata,Gunung Harta,gunung harta,gunung harta
Bus Parawisata,Harapan Jaya Pariwisata,harapan jaya pariwisata,harapan pariwisata
Bus Parawisata,Haryanto,haryanto,haryanto
Bus Parawisata,Hiba Utama,hiba utama,hiba
Bus Parawisata,Ichtra Jaya,ichtra jaya,ichtra
Bus Parawisata,Indah Murni,indah murni,murni
Bus Parawisata,Jackal Holiday,jackal holiday,jackal holiday
Bus Parawisata,Jasmine,jasmine,jasmine
Bus Parawisata,Karunia Pariwisata,karunia pariwisata,karunia pariwisata
Bus Parawisata,Kerub Pariwisata Indonesia,kerub pariwisata indonesia,kerub pariwisata indonesia
Bus Parawisata,kosayu,kosayu,kosayu
Bus Parawisata,Kosub Bersama,kosub bersama,kosub
Bus Parawisata,Kramat Djati,kramat djati,kramat djati
Bus Parawisata,Laju Utama,laju utama,laju
Bus Parawisata,Laks Autobus,laks autobus,laks autobus
Bus Parawisata,Lautan,lautan,lautan
Bus Parawisata,Limas Pariwisata (Bogor),limas pariwisata bogor,limas pariwisata bogor
Bus Parawisata,Lutfansa,lutfansa,lutfansa
Bus Parawisata,Malino Putra,malino putra,malino putra
Bus Parawisata,Manhattan,manhattan,manhattan
Bus Parawisata,Matahari Holidays,matahari holidays,matahari holidays
Bus Parawisata,Medal Jaya,medal jaya,medal
Bus Parawisata,Metropolitan,metropolitan,
Bus Parawisata,Midas Nusantara,midas nusantara,midas nusantara
Bus Parawisata,Nirwana Pariwisata,nirwana pariwisata,nirwana pariwisata
Bus Parawisata,Nuansa Wisata,nuansa wisata,nuansa wisata
Bus Parawisata,Nugroho,nugroho,nugroho
Bus Parawisata,Nusa Indah,nusa indah,nusa
Bus Parawisata,Pakar Wisata,pakar wisata,pakar wisata
Bus Parawisata,Panorama Pariwisata,panorama pariwisata,panorama pariwisata
Bus Parawisata,Perdana Jaya,perdana jaya,perdana
Bus Parawisata,Premium Passion,premium passion,passion
Bus Parawisata,Primajasa Citymiles,primajasa citymiles,primajasa citymiles
Bus Parawisata,Purnayasa,purnayasa,purnayasa
Bus Parawisata,Pusaka Wisata,pusaka wisata,pusaka wisata
Bus Parawisata,Putra Remaja Jakarta,putra remaja jakarta,putra jakarta
Bus Parawisata,Qitarabu,qitarabu,qitarabu
Bus Parawisata,Queen Trans,queen trans,queen trans
Bus Parawisata,Restu Mulya,restu mulya,restu mulya
Bus Parawisata,Rezeki Baru,rezeki baru,rezeki
Bus Parawisata,Rosalia Indah Pariwisata,rosalia indah pariwisata,rosalia pariwisata
Bus Parawisata,Royal Platinum,royal platinum,platinum
Bus Parawisata,Safari Dharma Raya (OBL),safari dharma raya obl,safari dharma obl
Bus Parawisata,Sahabat Kita,sahabat kita,sahabat
Bus Parawisata,Semanta,semanta,semanta
Bus Parawisata,Shantika,shantika,shantika
Bus Parawisata,SJLU (Sinar Jaya Langgeng Utama),sjlu sinar jaya langgeng utama,sjlu sinar
Bus Parawisata,SM Prima,sm prima,sm
Bus Parawisata,SPA Trans,spa trans,spa trans
Bus Parawisata,Starbus,starbus,starbus
Bus Parawisata,Subur Jaya,subur jaya,
Bus Parawisata,Suhada,suhada,suhada
Bus Parawisata,Sumber Usaha,sumber usaha,sumber usaha
Bus Parawisata,Suryaputra Trans,suryaputra trans,suryaputra trans
Bus Parawisata,Syimponie,syimponie,syimponie
Bus Parawisata,Trac,trac,trac
Bus Parawisata,Trans Boutiqe,trans boutiqe,trans boutiqe
Bus Parawisata,Trans Utama,trans utama,trans
Bus Parawisata,Tunggal Daya,tunggal daya,daya
Bus Parawisata,Vircansa Tour Bus & Travel,vircansa tour bus travel,vircansa tour bus travel
Bus Parawisata,Virgo Transport,virgo transport,virgo transport
Bus Parawisata,Warga Baru Pariwisata,warga baru pariwisata,warga pariwisata
Bus Parawisata,Wayang,wayang,wayang
Bus Parawisata,"White Horse (Jakarta, Bandung dan Palembang)",white horse jakarta bandung dan palembang,white horse jakarta bandung palembang
Bus Parawisata,William,william,william
Bus Parawisata,Win Bus,win bus,win bus
Bus Parawisata,Yellow Wish,yellow wish,yellow wish
Bus Parawisata,YM Transport,ym transport,ym transport
Bus Parawisata,Zentrum,zentrum,zentrum
Generate Tiket Bus,Tiket Bus AKAP,tiket bus akap,tiket bus akap
Generate Tiket Bus,Tiket Bus AKDP,tiket bus akdp,tiket bus akdp
Generate Tiket Bus,Tiket Bus Ekonomi,tiket bus ekonomi,tiket bus ekonomi
Generate Tiket Bus,Tiket Bus Bisnis,tiket bus bisnis,tiket bus bisnis
Generate Tiket Bus,Tiket Bus Executive,tiket bus executive,tiket bus executive
Generate Tiket Bus,Tiket Bus Sleeper,tiket bus sleeper,tiket bus sleeper
Generate Tiket Bus,Tiket Bus Luxury,tiket bus luxury,tiket bus luxury
Generate Tiket Bus,Tiket Bus Pariwisata,tiket bus pariwisata,tiket bus pariwisata
Generate Tiket Bus,Tiket Bus Antar Kota,tiket bus antar kota,tiket bus kota
Generate Tiket Bus,Tiket Bus Antar Provinsi,tiket bus antar provinsi,tiket bus provinsi
Generate Tiket Bus,Tiket Bus Dalam Kota,tiket bus dalam kota,tiket bus kota
Generate Tiket Bus,Tiket Bus TransJakarta,tiket bus transjakarta,tiket bus transjakarta
Generate Tiket Bus,Tiket Bus DAMRI,tiket bus damri,tiket bus damri
Generate Tiket Bus,Tiket Bus Bandara,tiket bus bandara,tiket bus bandara
Generate Tiket Bus,Tiket Bus Shuttle,tiket bus shuttle,tiket bus shuttle
Generate Tiket Bus,Tiket Bus Travel,tiket bus travel,tiket bus travel
Generate Tiket Bus,Tiket Bus Malam,tiket bus malam,tiket bus malam
Generate Tiket Bus,Tiket Bus Pagi,tiket bus pagi,tiket bus pagi
Generate Tiket Bus,Tiket Bus Weekend,tiket bus weekend,tiket bus weekend
Generate Tiket Bus,Tiket Bus Weekday,tiket bus weekday,tiket bus weekday
Generate Tiket Bus,Tiket Bus Pulang Pergi,tiket bus pulang pergi,tiket bus pulang pergi
Generate Tiket Bus,Tiket Bus One Way,tiket bus one way,tiket bus one way
Generate Tiket Bus,Tiket Bus Promo,tiket bus promo,tiket bus
Generate Tiket Bus,Tiket Bus Online Booking,tiket bus online booking,tiket bus booking
Generate Tiket Bus,Tiket Bus Mendadak,tiket bus mendadak,tiket bus mendadak
Generate Tiket Bus,Tiket Bus Early Booking,tiket bus early booking,tiket bus early booking
Generate Tiket Bus,Tiket Bus Rombongan,tiket bus rombongan,tiket bus rombongan
Generate Tiket Bus,Tiket Bus Corporate,tiket bus corporate,tiket bus corporate
Generate Tiket Bus,Tiket Bus Pelajar,tiket bus pelajar,tiket bus pelajar
Generate Tiket Bus,Tiket Bus Lansia,tiket bus lansia,tiket bus
Generate Tiket Bus,Tiket Bus Anak,tiket bus anak,tiket bus
Generate Tiket Bus,Upgrade Kursi Bus,upgrade kursi bus,upgrade kursi bus
Generate Tiket Bus,Pilih Seat Bus,pilih seat bus,seat bus
Generate Tiket Bus,Bagasi Tambahan Bus,bagasi tambahan bus,bagasi tambahan bus
Generate Tiket Bus,Reschedule Tiket Bus,reschedule tiket bus,reschedule tiket bus
Generate Tiket Bus,Refund Tiket Bus,refund tiket bus,refund tiket bus
Generate Tiket Bus,Biaya Pembatalan Bus,biaya pembatalan bus,biaya pembatalan bus
Generate Tiket Bus,Lounge Terminal,lounge terminal,lounge terminal
Generate Tiket Bus,Shuttle ke Terminal,shuttle ke terminal,shuttle terminal
Generate Tiket Bus,Transport ke Terminal,transport ke terminal,transport terminal
Generate Tiket Bus,Porter Terminal,porter terminal,porter terminal
Generate Tiket Bus,Tiket Bus Jakarta Bandung,tiket bus jakarta bandung,tiket bus jakarta bandung
Generate Tiket Bus,Tiket Bus Jakarta Yogyakarta,tiket bus jakarta yogyakarta,tiket bus jakarta yogyakarta
Generate Tiket Bus,Tiket Bus Jakarta Surabaya,tiket bus jakarta surabaya,tiket bus jakarta surabaya
Generate Tiket Bus,Tiket Bus Bandung Semarang,tiket bus bandung semarang,tiket bus bandung semarang
Generate Tiket Bus,Tiket Bus Medan Aceh,tiket bus medan aceh,tiket bus medan aceh
Generate Tiket Bus,Tiket Bus Makassar Manado,tiket bus makassar manado,tiket bus makassar manado
Generate Tiket Bus,Tiket Langganan Bus,tiket langganan bus,tiket langganan bus
Generate Tiket Bus,Tiket Harian Bus,tiket harian bus,tiket harian bus
Generate Tiket Travel,Tiket Travel Antar Kota,tiket travel antar kota,tiket travel kota
Generate Tiket Travel,Tiket Travel Antar Provinsi,tiket travel antar provinsi,tiket travel provinsi
Generate Tiket Travel,Tiket Travel Dalam Kota,tiket travel dalam kota,tiket travel kota
Generate Tiket Travel,Tiket Travel Bandara,tiket travel bandara,tiket travel bandara
Generate Tiket Travel,Tiket Travel Shuttle,tiket travel shuttle,tiket travel shuttle
Generate Tiket Travel,Tiket Travel Door to Door,tiket travel door to door,tiket travel door to door
Generate Tiket Travel,Tiket Travel Reguler,tiket travel reguler,tiket travel
Generate Tiket Travel,Tiket Travel Executive,tiket travel executive,tiket travel executive
Generate Tiket Travel,Tiket Travel VIP,tiket travel vip,tiket travel vip
Generate Tiket Travel,Tiket Travel Premium,tiket travel premium,tiket travel
Generate Tiket Travel,Tiket Travel Ekonomi,tiket travel ekonomi,tiket travel ekonomi
Generate Tiket Travel,Tiket Travel Malam,tiket travel malam,tiket travel malam
Generate Tiket Travel,Tiket Travel Pagi,tiket travel pagi,tiket travel pagi
Generate Tiket Travel,Tiket Travel Weekend,tiket travel weekend,tiket travel weekend
Generate Tiket Travel,Tiket Travel Weekday,tiket travel weekday,tiket travel weekday
Generate Tiket Travel,Tiket Travel Pulang Pergi,tiket travel pulang pergi,tiket travel pulang pergi
Generate Tiket Travel,Tiket Travel One Way,tiket travel one way,tiket travel one way
Generate Tiket Travel,Tiket Travel Promo,tiket travel promo,tiket travel
Generate Tiket Travel,Tiket Travel Online Booking,tiket travel online booking,tiket travel booking
Generate Tiket Travel,Tiket Travel Mendadak,tiket travel mendadak,tiket travel mendadak
Generate Tiket Travel,Tiket Travel Early Booking,tiket travel early booking,tiket travel early booking
Generate Tiket Travel,Tiket Travel Rombongan,tiket travel rombongan,tiket travel rombongan
Generate Tiket Travel,Tiket Travel Corporate,tiket travel corporate,tiket travel corporate
Generate Tiket Travel,Tiket Travel Pelajar,tiket travel pelajar,tiket travel pelajar
Generate Tiket Travel,Tiket Travel Lansia,tiket travel lansia,tiket travel
Generate Tiket Travel,Tiket Travel Anak,tiket travel anak,tiket travel
Generate Tiket Travel,Upgrade Kursi Travel,upgrade kursi travel,upgrade kursi travel
Generate Tiket Travel,Pilih Seat Travel,pilih seat travel,seat travel
Generate Tiket Travel,Bagasi Tambahan Travel,bagasi tambahan travel,bagasi tambahan travel
Generate Tiket Travel,Reschedule Tiket Travel,reschedule tiket travel,reschedule tiket travel
Generate Tiket Travel,Refund Tiket Travel,refund tiket travel,refund tiket travel
Generate Tiket Travel,Biaya Pembatalan Travel,biaya pembatalan travel,biaya pembatalan travel
Generate Tiket Travel,Shuttle ke Pool Travel,shuttle ke pool travel,shuttle pool travel
Generate Tiket Travel,Transport ke Pool Travel,transport ke pool travel,transport pool travel
Generate Tiket Travel,Porter Travel,porter travel,porter travel
Generate Tiket Travel,Tiket Travel Jakarta Bandung,tiket travel jakarta bandung,tiket travel jakarta bandung
Generate Tiket Travel,Tiket Travel Jakarta Cirebon,tiket travel jakarta cirebon,tiket travel jakarta cirebon
Generate Tiket Travel,Tiket Travel Bandung Yogyakarta,tiket travel bandung yogyakarta,tiket travel bandung yogyakarta
Generate Tiket Travel,Tiket Travel Jakarta Semarang,tiket travel jakarta semarang,tiket travel jakarta semarang
Generate Tiket Travel,Tiket Travel Surabaya Malang,tiket travel surabaya malang,tiket travel surabaya
Generate Tiket Travel,Tiket Travel Medan Pekanbaru,tiket travel medan pekanbaru,tiket travel medan pekanbaru
Generate Tiket Travel,Tiket Langganan Travel,tiket langganan travel,tiket langganan travel
Generate Tiket Travel,Tiket Harian Travel,tiket harian travel,tiket harian travel
Generate Tiket Travel,Tiket Carter Travel,tiket carter travel,tiket carter travel
Generate Tiket Travel,Tiket Private Travel,tiket private travel,tiket private travel
Generate Tiket Travel,Tiket Travel Shared Ride,tiket travel shared ride,tiket travel shared ride
Generate Tiket Travel,Tiket Travel Area Wisata,tiket travel area wisata,tiket travel area wisata
Generate Tiket Travel,Tiket Travel Karyawan,tiket travel karyawan,tiket travel karyawan
Generate Tiket Travel,Tiket Travel Komuter,tiket travel komuter,tiket travel komuter
Generate Antar Jemput Bandara,Antar Jemput Bandara,antar jemput bandara,jemput bandara
Generate Antar Jemput Bandara,Antar Jemput Bandara Reguler,antar jemput bandara reguler,jemput bandara
Generate Antar Jemput Bandara,Antar Jemput Bandara VIP,antar jemput bandara vip,jemput bandara vip
Generate Antar Jemput Bandara,Antar Jemput Bandara Private,antar jemput bandara private,jemput bandara private
Generate Antar Jemput Bandara,Antar Jemput Bandara Shared Ride,antar jemput bandara shared ride,jemput bandara shared ride
Generate Antar Jemput Bandara,Antar Jemput Bandara Hotel,antar jemput bandara hotel,jemput bandara hotel
Generate Antar Jemput Bandara,Antar Jemput Bandara Stasiun,antar jemput bandara stasiun,jemput bandara stasiun
Generate Antar Jemput Bandara,Antar Jemput Bandara Terminal,antar jemput bandara terminal,jemput bandara terminal
Generate Antar Jemput Bandara,Antar Jemput Bandara Pagi,antar jemput bandara pagi,jemput bandara pagi
Generate Antar Jemput Bandara,Antar Jemput Bandara Malam,antar jemput bandara malam,jemput bandara malam
Generate Antar Jemput Bandara,Antar Jemput Bandara Weekend,antar jemput bandara weekend,jemput bandara weekend
Generate Antar Jemput Bandara,Antar Jemput Bandara Weekday,antar jemput bandara weekday,jemput bandara weekday
Generate Antar Jemput Bandara,Antar Jemput Bandara Pulang Pergi,antar jemput bandara pulang pergi,jemput bandara pulang pergi
Generate Antar Jemput Bandara,Antar Jemput Bandara One Way,antar jemput bandara one way,jemput bandara one way
Generate Antar Jemput Bandara,Booking Antar Jemput Bandara,booking antar jemput bandara,booking jemput bandara
Generate Antar Jemput Bandara,Reschedule Antar Jemput Bandara,reschedule antar jemput bandara,reschedule jemput bandara
Generate Antar Jemput Bandara,Refund Antar Jemput Bandara,refund antar jemput bandara,refund jemput bandara
Generate Rental Mobil,Rental Mobil Harian,rental mobil harian,rental harian
Generate Rental Mobil,Rental Mobil Mingguan,rental mobil mingguan,rental mingguan
Generate Rental Mobil,Rental Mobil Bulanan,rental mobil bulanan,rental bulanan
Generate Rental Mobil,Rental Mobil Lepas Kunci,rental mobil lepas kunci,rental kunci
Generate Rental Mobil,Rental Mobil Dengan Sopir,rental mobil dengan sopir,rental sopir
Generate Rental Mobil,Rental Mobil Premium,rental mobil premium,rental
Generate Rental Mobil,Rental Mobil SUV,rental mobil suv,rental suv
Generate Rental Mobil,Rental Mobil MPV,rental mobil mpv,rental mpv
Generate Rental Mobil,Rental Mobil City Car,rental mobil city car,rental city car
Generate Rental Mobil,Rental Mobil Mewah,rental mobil mewah,rental
Generate Rental Mobil,Rental Mobil Bandara,rental mobil bandara,rental bandara
Generate Rental Mobil,Rental Mobil Luar Kota,rental mobil luar kota,rental kota
Generate Rental Mobil,Rental Mobil Dalam Kota,rental mobil dalam kota,rental kota
Generate Rental Mobil,Rental Mobil Perjalanan Dinas,rental mobil perjalanan dinas,rental perjalanan dinas
Generate Rental Mobil,Rental Mobil Wisata,rental mobil wisata,rental wisata
Generate Rental Mobil,Rental Mobil Pernikahan,rental mobil pernikahan,rental pernikahan
Generate Rental Mobil,Rental Mobil Jemput Tamu,rental mobil jemput tamu,rental jemput tamu
Generate Rental Mobil,Rental Mobil Corporate,rental mobil corporate,rental corporate
Generate Rental Mobil,Rental Mobil 12 Jam,rental mobil jam,rental jam
Generate Rental Mobil,Rental Mobil Full Day,rental mobil full day,rental day
Generate Rental Mobil,Rental Mobil Half Day,rental mobil half day,rental day
Generate Rental Mobil,Upgrade Kendaraan Rental,upgrade kendaraan rental,upgrade kendaraan rental
Generate Rental Mobil,Tambahan Jam Rental,tambahan jam rental,tambahan jam rental
Generate Rental Mobil,Tambahan Sopir Rental,tambahan sopir rental,tambahan sopir rental
Generate Rental Mobil,BBM Rental,bbm rental,bbm rental
Generate Rental Mobil,Tol Rental,tol rental,tol rental
Generate Rental Mobil,Parkir Rental,parkir rental,parkir rental
Generate Rental Mobil,Deposit Rental,deposit rental,deposit rental
Generate Rental Mobil,Booking Online Rental,booking online rental,booking rental
Generate Rental Mobil,Reschedule Rental,reschedule rental,reschedule rental
Generate Rental Mobil,Refund Rental,refund rental,refund rental
Generate Rental Mobil,Sewa Hiace,sewa hiace,sewa hiace
Generate Rental Mobil,Sewa Elf,sewa elf,sewa elf
