Kategori,Nama Produk,text_cleaned
BBM,Pertalite,pertalite
BBM,Bensin,bensin
BBM,Pertamax,pertamax
BBM,Pertamax Turbo,pertamax turbo
BBM,Dexlite,dexlite
BBM,Pertamina Dex,pertamina dex
BBM,Solar,solar
BBM,Shell Super,shell super
BBM,Shell V-Power,shell vpower
BBM,Shell V-Power Nitro+,shell vpower nitro
BBM,Shell V-Power Diesel,shell vpower diesel
BBM,BP 90,bp
BBM,BP 92,bp
BBM,BP Ultimate,bp ultimate
BBM,BP Diesel,bp diesel
BBM,Revvo 89,revvo
BBM,Revvo 90,revvo
BBM,Revvo 92,revvo
BBM,Diesel Primus,diesel primus
BBM,Bio Solar,bio solar
BBM,Pertamax Green 95,pertamax green
BBM,Bioetanol Blend,bioetanol blend
BBM,Premium (RON 88),premium ron
Parkir,Parkir Motor,parkir motor
Parkir,Parkir Mobil,parkir mobil
Parkir,Parkir Bus,parkir bus
Parkir,Parkir Truk,parkir truk
Parkir,Parkir Sepeda,parkir sepeda
Parkir,Parkir Kampus,parkir kampus
Parkir,Parkir Sekolah,parkir sekolah
Parkir,Parkir Kantor,parkir kantor
Parkir,Parkir Mall,parkir mall
Parkir,Parkir Pasar,parkir pasar
Parkir,Parkir Rumah Sakit,parkir rumah sakit
Parkir,Parkir Hotel,parkir hotel
Parkir,Parkir Restoran,parkir restoran
Parkir,Parkir Apartemen,parkir apartemen
Parkir,Parkir Perumahan,parkir perumahan
Parkir,Parkir Stadion,parkir stadion
Parkir,Parkir Bandara,parkir bandara
Parkir,Parkir Stasiun,parkir stasiun
Parkir,Parkir Terminal,parkir terminal
Parkir,Parkir Pelabuhan,parkir pelabuhan
Parkir,Parkir Tempat Wisata,parkir tempat wisata
Parkir,Parkir Gedung,parkir gedung
Parkir,Parkir Basement,parkir basement
Parkir,Parkir Rooftop,parkir rooftop
Parkir,Parkir Pinggir Jalan,parkir pinggir jalan
Parkir,Parkir Area Publik,parkir area publik
Parkir,Parkir VIP,parkir vip
Parkir,Valet Parking,valet parking
Parkir,Parkir Inap,parkir inap
Parkir,Parkir Harian,parkir harian
Parkir,Parkir Mingguan,parkir mingguan
Parkir,Parkir Bulanan,parkir bulanan
Parkir,Parkir Tahunan,parkir tahunan
Parkir,Parkir Langganan,parkir langganan
Parkir,Parkir Event,parkir event
Parkir,Parkir Konser,parkir konser
Parkir,Parkir Pameran,parkir pameran
Parkir,Parkir Car Free Day,parkir car free day
Parkir,Parkir Transit,parkir transit
Parkir,Park and Ride,park and ride
Parkir,Parkir Rest Area,parkir rest area
Parkir,Parkir Tol,parkir tol
Parkir,Parkir Wisata,parkir wisata
Parkir,Parkir Kendaraan Listrik,parkir kendaraan listrik
Parkir,Charging + Parking,charging parking
Parkir,Parkir Disabilitas,parkir disabilitas
Parkir,Parkir Keluarga,parkir keluarga
Parkir,Parkir Khusus Wanita,parkir khusus wanita
Parkir,Parkir Online Booking,parkir online booking
Parkir,Smart Parking,smart parking
Parkir,E-Parking,eparking
Parkir,Parkir Tunai,parkir tunai
Parkir,Parkir QRIS,parkir qris
Parkir,Parkir E-Money,parkir emoney
Parkir,Parkir Tap Card,parkir tap card
Parkir,Denda Parkir,denda parkir
Parkir,Tilang Parkir,tilang parkir
Parkir,Biaya Derek,biaya derek
Parkir,Titip Kendaraan,titip kendaraan
Parkir,Garasi Sewa,garasi sewa
Parkir,Parkir Motor Premium,parkir motor premium
Parkir,Parkir Mobil Premium,parkir mobil premium
Parkir,Parkir Kendaraan Besar,parkir kendaraan besar
Parkir,Parkir Sepeda Listrik,parkir sepeda listrik
Parkir,Parkir Ojek Online,parkir ojek online
Parkir,Parkir Taksi,parkir taksi
Parkir,Parkir Armada,parkir armada
Parkir,Parkir Logistik,parkir logistik
Parkir,Parkir Drop Off,parkir drop off
Parkir,Parkir Pick Up,parkir pick up
Parkir,Parkir 1 Jam,parkir jam
Parkir,Parkir 2 Jam,parkir jam
Parkir,Parkir Overnight,parkir overnight
Parkir,Parkir Akhir Pekan,parkir akhir pekan
Parkir,Parkir Hari Libur,parkir hari libur
Parkir,Parkir Musiman,parkir musiman
Parkir,Parkir Khusus Member,parkir khusus member
Parkir,Parkir Reservasi,parkir reservasi
Parkir,Parkir Darurat,parkir darurat
Parkir,Parkir Sementara,parkir sementara
Parkir,Parkir Karyawan,parkir karyawan
Parkir,Parkir Tenant,parkir tenant
Parkir,Parkir Pengunjung,parkir pengunjung
Parkir,Parkir Loading Zone,parkir loading zone
Parkir,Parkir Bongkar Muat,parkir bongkar muat
Parkir,Parkir Bus Pariwisata,parkir bus pariwisata
Parkir,Parkir Travel,parkir travel
Parkir,Parkir Shuttle,parkir shuttle
Parkir,Parkir Sepeda Motor Listrik,parkir sepeda motor listrik
Parkir,Parkir Mobil Listrik,parkir mobil listrik
Parkir,Parkir Hybrid,parkir hybrid
Parkir,Parkir Area Hijau,parkir area hijau
Parkir,Parkir Hemat,parkir hemat
Parkir,Parkir Lainnya,parkir lainnya
Ride Hailing,Gojek Bike,gojek bike
Ride Hailing,Gojek Car,gojek car
Ride Hailing,GoRide,goride
Ride Hailing,GoCar,gocar
Ride Hailing,GoCar Luxe,gocar luxe
Ride Hailing,GoBluebird,gobluebird
Ride Hailing,Grab Bike,grab bike
Ride Hailing,Grab Car,grab car
Ride Hailing,GrabCar Plus,grabcar plus
Ride Hailing,GrabCar Premium,grabcar premium
Ride Hailing,GrabTaxi,grabtaxi
Ride Hailing,GrabRent,grabrent
Ride Hailing,Maxim Bike,maxim bike
Ride Hailing,Maxim Car,maxim car
Ride Hailing,Maxim Delivery Ride,maxim delivery ride
Ride Hailing,InDrive Bike,indrive bike
Ride Hailing,InDrive Car,indrive car
Ride Hailing,Bluebird App Ride,bluebird app ride
Ride Hailing,Taxi Online,taxi online
Ride Hailing,Taxi Premium Online,taxi premium online
Ride Hailing,Carpool Ride,carpool ride
Ride Hailing,Ride Sharing,ride sharing
Ride Hailing,Pooling Ride,pooling ride
Ride Hailing,Women Only Ride,women only ride
Ride Hailing,Family Ride,family ride
Ride Hailing,Executive Ride,executive ride
Ride Hailing,Priority Ride,priority ride
Ride Hailing,XL Vehicle Ride,xl vehicle ride
Ride Hailing,Van Ride,van ride
Ride Hailing,SUV Ride,suv ride
Ride Hailing,EV Ride,ev ride
Ride Hailing,Motor Listrik Ride,motor listrik ride
Ride Hailing,Airport Transfer,airport transfer
Ride Hailing,Station Transfer,station transfer
Ride Hailing,Hotel Transfer,hotel transfer
Ride Hailing,Shuttle Ride,shuttle ride
Ride Hailing,City Tour Ride,city tour ride
Ride Hailing,Hourly Booking,hourly booking
Ride Hailing,Daily Booking,daily booking
Ride Hailing,Weekly Booking,weekly booking
Ride Hailing,Subscription Ride,subscription ride
Ride Hailing,Corporate Ride,corporate ride
Ride Hailing,Student Ride,student ride
Ride Hailing,Promo Ride,promo ride
Ride Hailing,Shared Bike Ride,shared bike ride
Ride Hailing,Shared Car Ride,shared car ride
Ride Hailing,Late Night Ride,late night ride
Ride Hailing,Emergency Ride,emergency ride
Ride Hailing,Pet Friendly Ride,pet friendly ride
Ride Hailing,Child Seat Ride,child seat ride
Ride Hailing,Parcel + Ride,parcel ride
Ride Hailing,Intercity Ride,intercity ride
Ride Hailing,Ride to Work,ride to work
Ride Hailing,Ride to Campus,ride to campus
Ride Hailing,Ride to Mall,ride to mall
Ride Hailing,Ride to Hospital,ride to hospital
Ride Hailing,Ride to Event,ride to event
Ride Hailing,Ride Return Trip,ride return trip
Ride Hailing,Multi Stop Ride,multi stop ride
Ride Hailing,Scheduled Ride,scheduled ride
Ride Hailing,Instant Ride,instant ride
Ride Hailing,Ride Voucher,ride voucher
Ride Hailing,Ride Cashback,ride cashback
Ride Hailing,Luxury Sedan Ride,luxury sedan ride
Ride Hailing,MPV Ride,mpv ride
Ride Hailing,Pickup Ride,pickup ride
Ride Hailing,Tourism Ride,tourism ride
Ride Hailing,Weekend Ride,weekend ride
Ride Hailing,Holiday Ride,holiday ride
Ride Hailing,Monthly Ride Pass,monthly ride pass
Ride Hailing,Eco Ride,eco ride
Ride Hailing,Green Ride,green ride
Ride Hailing,Female Driver Ride,female driver ride
Ride Hailing,Senior Friendly Ride,senior friendly ride
Ride Hailing,Accessible Ride,accessible ride
Ride Hailing,Wheelchair Ride,wheelchair ride
Ride Hailing,Premium Bike Ride,premium bike ride
Ride Hailing,Fast Pickup Ride,fast pickup ride
Ride Hailing,Long Distance Ride,long distance ride
Ride Hailing,Short Distance Ride,short distance ride
Ride Hailing,Peak Hour Ride,peak hour ride
Ride Hailing,Non Peak Ride,non peak ride
Ride Hailing,Night Surge Ride,night surge ride
Ride Hailing,Rainy Day Ride,rainy day ride
Ride Hailing,VIP Transfer,vip transfer
Ride Hailing,Event Shuttle Ride,event shuttle ride
Ride Hailing,Ride Membership,ride membership
Ride Hailing,Rental with Driver,rental with driver
Ride Hailing,Smart Ride,smart ride
Ride Hailing,Ride Credits,ride credits
Ride Hailing,Ride Lainnya,ride lainnya
Ride Hailing,Gojek Motor,gojek motor
Ride Hailing,Gojek Mobil,gojek mobil
Ride Hailing,GoCar Mewah,gocar mewah
Ride Hailing,Grab Motor,grab motor
Ride Hailing,Grab Mobil,grab mobil
Ride Hailing,Grab Mobil Plus,grab mobil plus
Ride Hailing,Grab Mobil Premium,grab mobil premium
Ride Hailing,Grab Taksi,grab taksi
Ride Hailing,Grab Sewa,grab sewa
Ride Hailing,Maxim Motor,maxim motor
Ride Hailing,Maxim Mobil,maxim mobil
Ride Hailing,Maxim Antar Barang + Penumpang,maxim antar barang penumpang
Ride Hailing,InDrive Motor,indrive motor
Ride Hailing,InDrive Mobil,indrive mobil
Ride Hailing,Bluebird Aplikasi,bluebird aplikasi
Ride Hailing,Taksi Online,taksi online
Ride Hailing,Taksi Premium Online,taksi premium online
Ride Hailing,Nebeng Mobil,nebeng mobil
Ride Hailing,Berbagi Tumpangan,berbagi tumpangan
Ride Hailing,Tumpangan Gabungan,tumpangan gabungan
Ride Hailing,Khusus Wanita,khusus wanita
Ride Hailing,Perjalanan Keluarga,perjalanan keluarga
Ride Hailing,Perjalanan Eksekutif,perjalanan eksekutif
Ride Hailing,Prioritas,prioritas
Ride Hailing,Kendaraan XL,kendaraan xl
Ride Hailing,Van,van
Ride Hailing,SUV,suv
Ride Hailing,Kendaraan Listrik,kendaraan listrik
Ride Hailing,Motor Listrik,motor listrik
Ride Hailing,Antar Bandara,antar bandara
Ride Hailing,Antar Stasiun,antar stasiun
Ride Hailing,Antar Hotel,antar hotel
Ride Hailing,Shuttle Online,shuttle online
Ride Hailing,Tur Kota,tur kota
Ride Hailing,Sewa Per Jam,sewa per jam
Ride Hailing,Sewa Harian,sewa harian
Ride Hailing,Sewa Mingguan,sewa mingguan
Ride Hailing,Langganan Perjalanan,langganan perjalanan
Ride Hailing,Transport Karyawan,transport karyawan
Ride Hailing,Transport Mahasiswa,transport mahasiswa
Ride Hailing,Promo Perjalanan,promo perjalanan
Ride Hailing,Berbagi Motor,berbagi motor
Ride Hailing,Berbagi Mobil,berbagi mobil
Ride Hailing,Perjalanan Malam,perjalanan malam
Ride Hailing,Perjalanan Darurat,perjalanan darurat
Ride Hailing,Ramah Hewan Peliharaan,ramah hewan peliharaan
Ride Hailing,Kursi Anak,kursi anak
Ride Hailing,Antar Paket + Penumpang,antar paket penumpang
Ride Hailing,Antar Kota,antar kota
Ride Hailing,Ke Kantor,ke kantor
Ride Hailing,Ke Kampus,ke kampus
Ride Hailing,Ke Mall,ke mall
Ride Hailing,Ke Rumah Sakit,ke rumah sakit
Ride Hailing,Ke Acara,ke acara
Ride Hailing,Pulang Pergi,pulang pergi
Ride Hailing,Multi Tujuan,multi tujuan
Ride Hailing,Jadwal Pesan,jadwal pesan
Ride Hailing,Pesan Sekarang,pesan sekarang
Ride Hailing,Voucher Perjalanan,voucher perjalanan
Ride Hailing,Cashback Perjalanan,cashback perjalanan
Ride Hailing,Sedan Mewah,sedan mewah
Ride Hailing,MPV,mpv
Ride Hailing,Pickup,pickup
Ride Hailing,Paket Bulanan,paket bulanan
Ride Hailing,Hemat Energi,hemat energi
Ride Hailing,Ramah Lingkungan,ramah lingkungan
Ride Hailing,Driver Perempuan,driver perempuan
Ride Hailing,Ramah Lansia,ramah lansia
Ride Hailing,Akses Disabilitas,akses disabilitas
Ride Hailing,Kursi Roda,kursi roda
Ride Hailing,Motor Premium,motor premium
Ride Hailing,Jemput Cepat,jemput cepat
Ride Hailing,Jarak Jauh,jarak jauh
Ride Hailing,Jarak Dekat,jarak dekat
Ride Hailing,Jam Sibuk,jam sibuk
Ride Hailing,Jam Sepi,jam sepi
Ride Hailing,Tarif Hujan,tarif hujan
Ride Hailing,Tarif Malam,tarif malam
Ride Hailing,Transfer VIP,transfer vip
Ride Hailing,Shuttle Acara,shuttle acara
Ride Hailing,Membership Ride,membership ride
Ride Hailing,Rental dengan Sopir,rental dengan sopir
Ride Hailing,Ride Pintar,ride pintar
Ride Hailing,Kredit Perjalanan,kredit perjalanan
BBM,Shell FuelSave 92,shell fuelsave
BBM,Shell FuelSave Diesel,shell fuelsave diesel
BBM,BP Ultimate Diesel,bp ultimate diesel
BBM,Revvo 95,revvo
BBM,Revvo Diesel,revvo diesel
BBM,Gasohol,gasohol
BBM,Compressed Natural Gas (CNG) / Gas Alam Terkompresi,compressed natural gas cng gas alam terkompresi
BBM,Liquefied Natural Gas (LNG) / Gas Alam Cair,liquefied natural gas lng gas alam cair
BBM,Liquefied Petroleum Gas (LPG) / Gas Petroleum Cair,liquefied petroleum gas lpg gas petroleum cair
BBM,Electric Vehicle Charging AC / Pengisian Kendaraan Listrik AC,electric vehicle charging ac pengisian kendaraan listrik ac
BBM,Electric Vehicle Charging DC Fast / Pengisian Kendaraan Listrik DC Cepat,electric vehicle charging dc fast pengisian kendaraan listrik dc cepat
BBM,Electric Vehicle Ultra Fast Charging / Pengisian Ultra Cepat Kendaraan Listrik,electric vehicle ultra fast charging pengisian ultra cepat kendaraan listrik
BBM,Home EV Charging / Pengisian EV di Rumah,home ev charging pengisian ev di rumah
BBM,Public EV Charging / Pengisian EV Umum,public ev charging pengisian ev umum
BBM,Hydrogen Fuel / Bahan Bakar Hidrogen,hydrogen fuel bahan bakar hidrogen
BBM,Aviation Turbine Fuel (Avtur) / Bahan Bakar Pesawat Jet,aviation turbine fuel avtur bahan bakar pesawat jet
BBM,Aviation Gasoline (Avgas) / Bensin Pesawat,aviation gasoline avgas bensin pesawat
BBM,Marine Fuel Oil / Bahan Bakar Kapal,marine fuel oil bahan bakar kapal
BBM,Fuel Oil / Minyak Bakar,fuel oil minyak bakar
BBM,Industrial Diesel / Solar Industri,industrial diesel solar industri
BBM,High Speed Diesel / Solar Kecepatan Tinggi,high speed diesel solar kecepatan tinggi
BBM,Low Sulfur Diesel / Solar Rendah Sulfur,low sulfur diesel solar rendah sulfur
BBM,Subsidized Diesel / Solar Subsidi,subsidized diesel solar subsidi
BBM,Non Subsidized Diesel / Solar Non Subsidi,non subsidized diesel solar non subsidi
BBM,Kerosene / Minyak Tanah,kerosene minyak tanah
BBM,Industrial Kerosene / Minyak Tanah Industri,industrial kerosene minyak tanah industri
BBM,Retail Gasoline / Bensin Eceran,retail gasoline bensin eceran
BBM,Retail Diesel / Solar Eceran,retail diesel solar eceran
BBM,Jerry Can Fuel / BBM Jerigen,jerry can fuel bbm jerigen
BBM,Fuel Card Top Up / Isi Ulang Kartu BBM,fuel card top up isi ulang kartu bbm
BBM,Fuel Voucher / Voucher BBM,fuel voucher voucher bbm
BBM,Emergency Fuel Delivery / Antar BBM Darurat,emergency fuel delivery antar bbm darurat
BBM,Motorcycle Refuel / Isi BBM Motor,motorcycle refuel isi bbm motor
BBM,Car Refuel / Isi BBM Mobil,car refuel isi bbm mobil
BBM,Truck Refuel / Isi BBM Truk,truck refuel isi bbm truk
BBM,Bus Refuel / Isi BBM Bus,bus refuel isi bbm bus
BBM,Boat Refuel / Isi BBM Kapal,boat refuel isi bbm kapal
BBM,Generator Refuel / Isi BBM Genset,generator refuel isi bbm genset
BBM,Heavy Equipment Refuel / Isi BBM Alat Berat,heavy equipment refuel isi bbm alat berat
BBM,Full Tank Pertalite / Tangki Penuh Pertalite,full tank pertalite tangki penuh pertalite
BBM,Full Tank Pertamax / Tangki Penuh Pertamax,full tank pertamax tangki penuh pertamax
BBM,Full Tank Diesel / Tangki Penuh Solar,full tank diesel tangki penuh solar
BBM,Partial Refuel / Isi BBM Sebagian,partial refuel isi bbm sebagian
BBM,Fuel Additive / Aditif BBM,fuel additive aditif bbm
BBM,Octane Booster / Penambah Oktan,octane booster penambah oktan
BBM,Cetane Booster / Penambah Cetane,cetane booster penambah cetane
BBM,AdBlue Diesel,adblue diesel
BBM,2T Oil Mix / Oli Campuran 2T,t oil mix oli campuran t
BBM,Fuel Promo / Promo BBM,fuel promo promo bbm
BBM,Fuel Cashback / Cashback BBM,fuel cashback cashback bbm
BBM,Fuel Membership / Membership BBM,fuel membership membership bbm
BBM,Fuel Subscription / Langganan BBM,fuel subscription langganan bbm
BBM,Corporate Fuel Card / Kartu BBM Perusahaan,corporate fuel card kartu bbm perusahaan
BBM,Fleet Fuel Management / Manajemen BBM Armada,fleet fuel management manajemen bbm armada
BBM,Rest Area Refuel / Isi BBM Rest Area,rest area refuel isi bbm rest area
BBM,Airport Refuel / Isi BBM Bandara,airport refuel isi bbm bandara
BBM,Port Refuel / Isi BBM Pelabuhan,port refuel isi bbm pelabuhan
BBM,Mini Fuel Station / SPBU Mini,mini fuel station spbu mini
BBM,Pertashop,pertashop
BBM,Private Fuel Station / SPBU Swasta,private fuel station spbu swasta
BBM,Public Fuel Station / SPBU Umum,public fuel station spbu umum
BBM,Self Service Fuel Station / SPBU Layanan Mandiri,self service fuel station spbu layanan mandiri
BBM,Fleet Fuel Delivery / Antar BBM Armada,fleet fuel delivery antar bbm armada
BBM,EV Motorcycle Charging / Charging Motor Listrik,ev motorcycle charging charging motor listrik
BBM,EV Car Charging / Charging Mobil Listrik,ev car charging charging mobil listrik
BBM,Fast Charging Member / Fast Charging Member,fast charging member fast charging member
BBM,Premium Ultra Charging / Ultra Charging Premium,premium ultra charging ultra charging premium
BBM,Fuel Other / BBM Lainnya,fuel other bbm lainnya
Transport Umum,Bus Kota / City Bus,bus kota city bus
Transport Umum,Bus Rapid Transit (BRT) / Bus Rapid Transit,bus rapid transit brt bus rapid transit
Transport Umum,TransJakarta,transjakarta
Transport Umum,Trans Jogja,trans jogja
Transport Umum,Trans Semarang,trans semarang
Transport Umum,Bus Antar Kota / Intercity Bus,bus antar kota intercity bus
Transport Umum,Bus Antar Provinsi / Interprovincial Bus,bus antar provinsi interprovincial bus
Transport Umum,Bus Pariwisata / Tourist Bus,bus pariwisata tourist bus
Transport Umum,Shuttle Bus / Bus Shuttle,shuttle bus bus shuttle
Transport Umum,Feeder Bus / Bus Pengumpan,feeder bus bus pengumpan
Transport Umum,Minibus Umum / Public Minibus,minibus umum public minibus
Transport Umum,Mikrotrans / Micro Transit,mikrotrans micro transit
Transport Umum,Angkot / Public Van,angkot public van
Transport Umum,Elf Travel / Elf Shuttle,elf travel elf shuttle
Transport Umum,Travel Antar Kota / Intercity Shuttle,travel antar kota intercity shuttle
Transport Umum,Ojek Pangkalan / Conventional Motorcycle Taxi,ojek pangkalan conventional motorcycle taxi
Transport Umum,Becak / Pedicab,becak pedicab
Transport Umum,Bentor / Motorized Rickshaw,bentor motorized rickshaw
Transport Umum,Bajaj / Auto Rickshaw,bajaj auto rickshaw
Transport Umum,Delman / Horse Carriage,delman horse carriage
Transport Umum,Kereta Ekonomi / Economy Train,kereta ekonomi economy train
Transport Umum,Kereta Bisnis / Business Train,kereta bisnis business train
Transport Umum,Kereta Eksekutif / Executive Train,kereta eksekutif executive train
Transport Umum,Kereta Lokal / Local Train,kereta lokal local train
Transport Umum,Kereta Bandara / Airport Train,kereta bandara airport train
Transport Umum,Kereta Cepat / High Speed Rail,kereta cepat high speed rail
Transport Umum,KRL Commuter Line / Commuter Rail,krl commuter line commuter rail
Transport Umum,MRT / Mass Rapid Transit,mrt mass rapid transit
Transport Umum,LRT / Light Rail Transit,lrt light rail transit
Transport Umum,Monorel / Monorail,monorel monorail
Transport Umum,Tram / Tram,tram tram
Transport Umum,Subway / Kereta Bawah Tanah,subway kereta bawah tanah
Transport Umum,Ferry Penyeberangan / Passenger Ferry,ferry penyeberangan passenger ferry
Transport Umum,Kapal Cepat / Fast Boat,kapal cepat fast boat
Transport Umum,Water Bus / Bus Air,water bus bus air
Transport Umum,Taksi Reguler / Regular Taxi,taksi reguler regular taxi
Transport Umum,Taksi Bandara / Airport Taxi,taksi bandara airport taxi
Transport Umum,Taksi Premium / Premium Taxi,taksi premium premium taxi
Transport Umum,Shuttle Bandara / Airport Shuttle,shuttle bandara airport shuttle
Transport Umum,Shuttle Hotel / Hotel Shuttle,shuttle hotel hotel shuttle
Transport Umum,Shuttle Kampus / Campus Shuttle,shuttle kampus campus shuttle
Transport Umum,Shuttle Kantor / Office Shuttle,shuttle kantor office shuttle
Transport Umum,Park and Ride / Park and Ride,park and ride park and ride
Transport Umum,Tiket Harian / Daily Pass,tiket harian daily pass
Transport Umum,Tiket Mingguan / Weekly Pass,tiket mingguan weekly pass
Transport Umum,Tiket Bulanan / Monthly Pass,tiket bulanan monthly pass
Transport Umum,Tiket Tahunan / Annual Pass,tiket tahunan annual pass
Transport Umum,Kartu Multi Trip / Multi Trip Card,kartu multi trip multi trip card
Transport Umum,E-Money Transport / Transport E-Money,emoney transport transport emoney
Transport Umum,QR Ticket / Tiket QR,qr ticket tiket qr
Transport Umum,Langganan Komuter / Commuter Subscription,langganan komuter commuter subscription
Transport Umum,Tarif Pelajar / Student Fare,tarif pelajar student fare
Transport Umum,Tarif Lansia / Senior Fare,tarif lansia senior fare
Transport Umum,Tarif Disabilitas / Disability Fare,tarif disabilitas disability fare
Transport Umum,Tarif Ekspres / Express Fare,tarif ekspres express fare
Transport Umum,Tarif Reguler / Regular Fare,tarif reguler regular fare
Transport Umum,Tiket Sekali Jalan / Single Ride Ticket,tiket sekali jalan single ride ticket
Transport Umum,Tiket Pulang Pergi / Round Trip Ticket,tiket pulang pergi round trip ticket
Transport Umum,Tiket Transit / Transit Ticket,tiket transit transit ticket
Transport Umum,Tiket Wisata / Tourist Pass,tiket wisata tourist pass
Transport Umum,Tiket Event / Event Transport Pass,tiket event event transport pass
Transport Umum,Tiket Malam / Night Service Ticket,tiket malam night service ticket
Transport Umum,Transport Pedesaan / Rural Transport,transport pedesaan rural transport
Transport Umum,Transport Perkotaan / Urban Transport,transport perkotaan urban transport
Transport Umum,Transport Pinggiran Kota / Suburban Transport,transport pinggiran kota suburban transport
Transport Umum,Layanan Jam Sibuk / Peak Hour Service,layanan jam sibuk peak hour service
Transport Umum,Layanan Malam / Night Service,layanan malam night service
Transport Umum,Layanan Akhir Pekan / Weekend Service,layanan akhir pekan weekend service
Transport Umum,Layanan Hari Libur / Holiday Service,layanan hari libur holiday service
Transport Umum,Bus Sekolah / School Bus,bus sekolah school bus
Transport Umum,Antar Jemput Karyawan / Employee Shuttle,antar jemput karyawan employee shuttle
Transport Umum,Antar Jemput Mahasiswa / Student Shuttle,antar jemput mahasiswa student shuttle
Transport Umum,Transport Wisata Kota / City Tour Transport,transport wisata kota city tour transport
Transport Umum,Charter Bus Umum / Public Charter Bus,charter bus umum public charter bus
Transport Umum,Shared Van / Van Bersama,shared van van bersama
Transport Umum,Public Transport Other / Transport Umum Lainnya,public transport other transport umum lainnya
Transport Umum,ACI (Aku Cinta Indonesia),aci aku cinta indonesia
Transportasi,Shell Diesel,shell diesel
Transportasi,isi bensin,isi bensin
Transportasi,SPBU,spbu
Transportasi,fuel,fuel
Transportasi,gasoline,gasoline
Transportasi,diesel,diesel
Transportasi,Gojek,gojek
Transportasi,Grab,grab
Transportasi,GrabBike,grabbike
Transportasi,GrabCar,grabcar
Transportasi,Maxim,maxim
Transportasi,inDrive,indrive
Transportasi,Bluebird app,bluebird app
Transportasi,taxi online,taxi online
Transportasi,ojol,ojol
Transportasi,Blue Bird,blue bird
Transportasi,Express Taxi,express taxi
Transportasi,taxi bandara,taxi bandara
Transportasi,taksi reguler,taksi reguler
Transportasi,MRT Jakarta,mrt jakarta
Transportasi,LRT Jakarta,lrt jakarta
Transportasi,KRL,krl
Transportasi,Commuter Line,commuter line
Transportasi,bus kota,bus kota
Transportasi,angkot,angkot
Transportasi,mikrotrans,mikrotrans
Transportasi,Damri,damri
Transportasi,shuttle bus,shuttle bus
Transportasi,travel bus,travel bus
Transportasi,KAI,kai
Transportasi,tiket kereta,tiket kereta
Transportasi,kereta api,kereta api
Transportasi,Whoosh,whoosh
Transportasi,KCIC,kcic
Transportasi,rail ticket,rail ticket
Transportasi,tiket pesawat,tiket pesawat
Transportasi,Garuda Indonesia,garuda indonesia
Transportasi,Lion Air,lion air
Transportasi,Citilink,citilink
Transportasi,AirAsia,airasia
Transportasi,Batik Air,batik air
Transportasi,Super Air Jet,super air jet
Transportasi,airport tax,airport tax
Transportasi,bagasi pesawat,bagasi pesawat
Transportasi,ASDP,asdp
Transportasi,ferry,ferry
Transportasi,kapal laut,kapal laut
Transportasi,tiket kapal,tiket kapal
Transportasi,Pelni,pelni
Transportasi,e-toll,etoll
Transportasi,Flazz toll,flazz toll
Transportasi,Mandiri e-money toll,mandiri emoney toll
Transportasi,TapCash toll,tapcash toll
Transportasi,top up toll,top up toll
Transportasi,bayar tol,bayar tol
Transportasi,Jasa Marga,jasa marga
Transportasi,parkir,parkir
Transportasi,parking,parking
Transportasi,valet,valet
Transportasi,parkir mall,parkir mall
Transportasi,parkir bandara,parkir bandara
Transportasi,parkir stasiun,parkir stasiun
Transportasi,ganti oli,ganti oli
Transportasi,servis motor,servis motor
Transportasi,servis mobil,servis mobil
Transportasi,tune up,tune up
Transportasi,spooring,spooring
Transportasi,balancing,balancing
Transportasi,bengkel,bengkel
Transportasi,tambal ban,tambal ban
Transportasi,cuci mobil,cuci mobil
Transportasi,cuci motor,cuci motor
Transportasi,pajak motor,pajak motor
Transportasi,pajak mobil,pajak mobil
Transportasi,STNK,stnk
Transportasi,BPKB,bpkb
Transportasi,perpanjang SIM,perpanjang sim
Transportasi,mutasi kendaraan,mutasi kendaraan
Transportasi,helm,helm
Transportasi,ban motor,ban motor
Transportasi,oli mesin,oli mesin
Transportasi,wiper mobil,wiper mobil
Transportasi,charger mobil,charger mobil
Transportasi,dashcam,dashcam
Transportasi,cover motor,cover motor
Transportasi,sewa mobil,sewa mobil
Transportasi,rental mobil,rental mobil
Transportasi,sewa motor,sewa motor
Transportasi,rental motor,rental motor
Transportasi,leasing mobil,leasing mobil
Transportasi,cicilan mobil,cicilan mobil
Transportasi,cicilan motor,cicilan motor
Transportasi,uang muka kendaraan,uang muka kendaraan
Transportasi,tol harian,tol harian
Transportasi,tol bulanan,tol bulanan
Transportasi,top up e-money,top up emoney
Transportasi,top up flazz,top up flazz
Transportasi,top up tapcash,top up tapcash
Transportasi,top up brizzi,top up brizzi
Transportasi,parkir harian,parkir harian
Transportasi,parkir inap,parkir inap
Transportasi,parkir gedung,parkir gedung
Transportasi,parkir kantor,parkir kantor
Transportasi,parkir apartemen,parkir apartemen
Transportasi,valet parking,valet parking
Transportasi,derek mobil,derek mobil
Transportasi,towing,towing
Transportasi,jasa derek,jasa derek
Transportasi,asuransi mobil,asuransi mobil
Transportasi,asuransi motor,asuransi motor
Transportasi,premi kendaraan,premi kendaraan
Transportasi,ganti ban,ganti ban
Transportasi,ban mobil,ban mobil
Transportasi,aki mobil,aki mobil
Transportasi,aki motor,aki motor
Transportasi,busi,busi
Transportasi,kampas rem,kampas rem
Transportasi,rantai motor,rantai motor
Transportasi,oli transmisi,oli transmisi
Transportasi,oli gardan,oli gardan
Transportasi,cairan radiator,cairan radiator
Transportasi,spooring mobil,spooring mobil
Transportasi,balancing ban,balancing ban
Transportasi,tune up mobil,tune up mobil
Transportasi,tune up motor,tune up motor
Transportasi,salon mobil,salon mobil
Transportasi,detailing mobil,detailing mobil
Transportasi,cuci steam motor,cuci steam motor
Transportasi,cuci steam mobil,cuci steam mobil
Transportasi,tambal ban tubeless,tambal ban tubeless
Transportasi,isi nitrogen ban,isi nitrogen ban
Transportasi,stiker kendaraan,stiker kendaraan
Transportasi,aksesoris mobil,aksesoris mobil
Transportasi,aksesoris motor,aksesoris motor
Transportasi,helm full face,helm full face
Transportasi,helm half face,helm half face
Transportasi,jas hujan motor,jas hujan motor
Transportasi,sarung jok mobil,sarung jok mobil
Transportasi,cover mobil,cover mobil
Transportasi,holder hp motor,holder hp motor
Transportasi,dashcam mobil,dashcam mobil
Transportasi,GPS mobil,gps mobil
Transportasi,tiket bus AKAP,tiket bus akap
Transportasi,tiket bus kota,tiket bus kota
Transportasi,tiket shuttle,tiket shuttle
Transportasi,travel antar kota,travel antar kota
Transportasi,tiket kapal ferry,tiket kapal ferry
Transportasi,tiket speedboat,tiket speedboat
Transportasi,tiket MRT,tiket mrt
Transportasi,tiket LRT,tiket lrt
Transportasi,kartu multi trip,kartu multi trip
Transportasi,saldo e-money transport,saldo emoney transport
Transportasi,bagasi tambahan,bagasi tambahan
Transportasi,airport lounge transport,airport lounge transport
Transportasi,shuttle bandara,shuttle bandara
Transportasi,antar jemput bandara,antar jemput bandara
Transportasi,cargo kendaraan,cargo kendaraan
Transportasi,kirim motor,kirim motor
Transportasi,ekspedisi mobil,ekspedisi mobil
Transportasi,SIM A,sim a
Transportasi,SIM C,sim c
Transportasi,perpanjang STNK,perpanjang stnk
Transportasi,balik nama kendaraan,balik nama kendaraan
Transportasi,mutasi plat,mutasi plat
Transportasi,uji emisi,uji emisi
Transportasi,tilang,tilang
Transportasi,denda parkir,denda parkir
Transportasi,denda tol,denda tol
Transportasi,bensin eceran,bensin eceran
Transportasi,solar industri,solar industri
Transportasi,isi bensin motor,isi bensin motor
Transportasi,isi bensin mobil,isi bensin mobil
Transportasi,voucher BBM,voucher bbm
Transportasi,refill BBM,refill bbm
Transportasi,charging mobil listrik,charging mobil listrik
Transportasi,charging motor listrik,charging motor listrik
Transportasi,sewa sepeda,sewa sepeda
Transportasi,rental sepeda listrik,rental sepeda listrik
Transportasi,scooter listrik,scooter listrik
Transportasi,sewa skuter,sewa skuter
Transportasi,bike sharing,bike sharing
Transportasi,ojek pangkalan,ojek pangkalan
Transportasi,becak,becak
Transportasi,delman,delman
Transportasi,bajaj,bajaj
Transportasi,bentor,bentor
Transportasi,angkutan desa,angkutan desa
Transportasi,minibus,minibus
Transportasi,elf travel,elf travel
Transportasi,shuttle hotel,shuttle hotel
Transportasi,antar jemput kantor,antar jemput kantor
Transportasi,jemput anak sekolah,jemput anak sekolah
Transportasi,transport karyawan,transport karyawan
Transportasi,tiket sleeper bus,tiket sleeper bus
Transportasi,tiket executive bus,tiket executive bus
Transportasi,tiket ekonomi bus,tiket ekonomi bus
Transportasi,tiket wisata bus,tiket wisata bus
Transportasi,tiket kereta ekonomi,tiket kereta ekonomi
Transportasi,tiket kereta bisnis,tiket kereta bisnis
Transportasi,tiket kereta eksekutif,tiket kereta eksekutif
Transportasi,tiket kereta lokal,tiket kereta lokal
Transportasi,tiket kereta bandara,tiket kereta bandara
Transportasi,tiket pesawat domestik,tiket pesawat domestik
Transportasi,tiket pesawat internasional,tiket pesawat internasional
Transportasi,reschedule tiket,reschedule tiket
Transportasi,refund tiket,refund tiket
Transportasi,biaya check in bagasi,biaya check in bagasi
Transportasi,biaya pilih kursi,biaya pilih kursi
Transportasi,biaya boarding pass,biaya boarding pass
Transportasi,kapal cepat,kapal cepat
Transportasi,kapal penyeberangan,kapal penyeberangan
Transportasi,kapal wisata,kapal wisata
Transportasi,sewa perahu,sewa perahu
Transportasi,parkir motor,parkir motor
Transportasi,parkir mobil,parkir mobil
Transportasi,parkir valet mall,parkir valet mall
Transportasi,parkir rumah sakit,parkir rumah sakit
Transportasi,parkir stasiun harian,parkir stasiun harian
Transportasi,parkir langganan,parkir langganan
Transportasi,servis AC mobil,servis ac mobil
Transportasi,servis rem,servis rem
Transportasi,servis kaki-kaki,servis kakikaki
Transportasi,servis injeksi,servis injeksi
Transportasi,servis kelistrikan mobil,servis kelistrikan mobil
Transportasi,servis CVT motor,servis cvt motor
Transportasi,ganti oli mesin,ganti oli mesin
Transportasi,ganti filter oli,ganti filter oli
Transportasi,ganti filter udara,ganti filter udara
Transportasi,ganti lampu mobil,ganti lampu mobil
Transportasi,ganti lampu motor,ganti lampu motor
Transportasi,ganti kaca spion,ganti kaca spion
Transportasi,ganti wiper,ganti wiper
Transportasi,cuci interior mobil,cuci interior mobil
Transportasi,fogging AC mobil,fogging ac mobil
Transportasi,poles mobil,poles mobil
Transportasi,poles motor,poles motor
Transportasi,stiker kaca film,stiker kaca film
Transportasi,kaca film mobil,kaca film mobil
Transportasi,audio mobil,audio mobil
Transportasi,alarm mobil,alarm mobil
Transportasi,kunci duplikat kendaraan,kunci duplikat kendaraan
Transportasi,jasa montir panggilan,jasa montir panggilan
Transportasi,bantuan jalan raya,bantuan jalan raya
Transportasi,towing darurat,towing darurat
Transportasi,derek tol,derek tol
Transportasi,pajak progresif kendaraan,pajak progresif kendaraan
Transportasi,samsat keliling,samsat keliling
Transportasi,biaya BPKB,biaya bpkb
Transportasi,plat nomor baru,plat nomor baru
Transportasi,ganti STNK hilang,ganti stnk hilang
Transportasi,denda SIM mati,denda sim mati
Transportasi,denda keterlambatan pajak,denda keterlambatan pajak
Transportasi,uji KIR kendaraan,uji kir kendaraan
Transportasi,biaya terminal,biaya terminal
Transportasi,porter bandara,porter bandara
Transportasi,porter stasiun,porter stasiun
Maskapai Traveloka,Sriwijaya Air,sriwijaya air
Maskapai Traveloka,Scoot,scoot
Maskapai Traveloka,Singapore Airlines,singapore airlines
Maskapai Traveloka,Cathay Pacific,cathay pacific
Maskapai Traveloka,Thai Airways,thai airways
Maskapai Traveloka,Qatar Airways,qatar airways
Maskapai Traveloka,Emirates,emirates
Maskapai Traveloka,Etihad Airways,etihad airways
Maskapai Traveloka,All Nippon Airways (ANA),all nippon airways ana
Maskapai Traveloka,Malaysia Airlines,malaysia airlines
Maskapai Traveloka,Japan Airlines (JAL),japan airlines jal
Maskapai Traveloka,Asiana Airlines,asiana airlines
Maskapai Traveloka,China Airlines,china airlines
Maskapai Traveloka,EVA Air,eva air
Maskapai Traveloka,KLM,klm
Maskapai Traveloka,Air France,air france
Maskapai Traveloka,Xiamen Airlines,xiamen airlines
Maskapai Traveloka,Air China,air china
Maskapai Traveloka,Oman Air,oman air
Maskapai Traveloka,Lufthansa,lufthansa
Maskapai Traveloka,Delta Air Lines,delta air lines
Maskapai Traveloka,Korean Air,korean air
Maskapai Traveloka,Nam Air,nam air
Maskapai Traveloka,Pelita Air,pelita air
Maskapai Traveloka,Jetstar,jetstar
Maskapai Traveloka,Firefly,firefly
Maskapai Traveloka,Thai Lion Air,thai lion air
Maskapai Traveloka,Wings Air,wings air
Maskapai Traveloka,Trigana Air,trigana air
Maskapai Traveloka,TransNusa Aviation,transnusa aviation
Maskapai Traveloka,Bangkok Airways,bangkok airways
Maskapai Traveloka,Philippine Airlines,philippine airlines
Maskapai Traveloka,Vietnam Airlines,vietnam airlines
Maskapai Traveloka,Qantas,qantas
Maskapai Traveloka,Turkish Airlines,turkish airlines
Maskapai Traveloka,American Airlines,american airlines
Maskapai Traveloka,China Southern Airlines,china southern airlines
Maskapai Traveloka,Royal Brunei Airlines,royal brunei airlines
Maskapai Traveloka,Virgin Australia,virgin australia
Maskapai Traveloka,EgyptAir,egyptair
Maskapai Traveloka,United Airlines,united airlines
Maskapai Traveloka,SriLankan Airlines,srilankan airlines
Maskapai Traveloka,Cebu Pacific,cebu pacific
Maskapai Traveloka,Saudia Airlines,saudia airlines
Maskapai Traveloka,Starlux,starlux
Maskapai Traveloka,FlyJaya,flyjaya
Dummy,Tiket Garuda Indonesia,tiket garuda indonesia
Dummy,Tiket Citilink,tiket citilink
Dummy,Tiket Lion Air,tiket lion air
Dummy,Tiket Batik Air,tiket batik air
Dummy,Tiket AirAsia,tiket airasia
Dummy,Tiket Super Air Jet,tiket super air jet
Dummy,Tiket Scoot,tiket scoot
Dummy,Tiket Singapore Airlines,tiket singapore airlines
Dummy,Tiket Cathay Pacific,tiket cathay pacific
Dummy,Tiket Thai Airways,tiket thai airways
Dummy,Tiket Qatar Airways,tiket qatar airways
Dummy,Tiket Emirates,tiket emirates
Dummy,Tiket Etihad Airways,tiket etihad airways
Dummy,Tiket All Nippon Airways,tiket all nippon airways
Dummy,Tiket Malaysia Airlines,tiket malaysia airlines
Dummy,Tiket Japan Airlines,tiket japan airlines
Dummy,Tiket Asiana Airlines,tiket asiana airlines
Dummy,Tiket China Airlines,tiket china airlines
Dummy,Tiket EVA Air,tiket eva air
Dummy,Tiket KLM,tiket klm
Dummy,Tiket Air France,tiket air france
Dummy,Tiket Xiamen Airlines,tiket xiamen airlines
Dummy,Tiket Air China,tiket air china
Dummy,Tiket Oman Air,tiket oman air
Dummy,Tiket Lufthansa,tiket lufthansa
Dummy,Tiket Delta Air Lines,tiket delta air lines
Dummy,Tiket Korean Air,tiket korean air
Dummy,Tiket Nam Air,tiket nam air
Dummy,Tiket Pelita Air,tiket pelita air
Dummy,Tiket Jetstar,tiket jetstar
Dummy,Tiket Firefly,tiket firefly
Dummy,Tiket Thai Lion Air,tiket thai lion air
Dummy,Tiket Wings Air,tiket wings air
Dummy,Tiket Trigana Air,tiket trigana air
Dummy,Tiket TransNusa Aviation,tiket transnusa aviation
Dummy,Tiket Bangkok Airways,tiket bangkok airways
Dummy,Tiket Philippine Airlines,tiket philippine airlines
Dummy,Tiket Vietnam Airlines,tiket vietnam airlines
Dummy,Tiket Qantas,tiket qantas
Dummy,Tiket Turkish Airlines,tiket turkish airlines
Dummy,Tiket American Airlines,tiket american airlines
Dummy,Tiket China Southern Airlines,tiket china southern airlines
Dummy,Tiket Royal Brunei Airlines,tiket royal brunei airlines
Dummy,Tiket Virgin Australia,tiket virgin australia
Dummy,Tiket EgyptAir,tiket egyptair
Dummy,Tiket United Airlines,tiket united airlines
Dummy,Tiket SriLankan Airlines,tiket srilankan airlines
Dummy,Tiket Cebu Pacific,tiket cebu pacific
Dummy,Tiket Saudia Airlines,tiket saudia airlines
Dummy,Tiket Starlux,tiket starlux
Dummy,Tiket FlyJaya,tiket flyjaya
Dummy,Bagasi Tambahan,bagasi tambahan
Dummy,Upgrade Kursi,upgrade kursi
Dummy,Pilih Seat,pilih seat
Dummy,Makanan di Pesawat,makanan di pesawat
Dummy,Minuman di Pesawat,minuman di pesawat
Dummy,Asuransi Perjalanan,asuransi perjalanan
Dummy,Pajak Bandara,pajak bandara
Dummy,Biaya Reschedule,biaya reschedule
Dummy,Biaya Refund,biaya refund
Dummy,Lounge Bandara,lounge bandara
Dummy,Shuttle Bandara,shuttle bandara
Dummy,Transport ke Bandara,transport ke bandara
Dummy,Hotel Transit,hotel transit
Dummy,Visa Perjalanan,visa perjalanan
Dummy,Paspor Baru,paspor baru
Dummy,Cetak Boarding Pass,cetak boarding pass
Dummy,WiFi Pesawat,wifi pesawat
Dummy,Hiburan Premium Pesawat,hiburan premium pesawat
Tiket Kereta,Tiket KAI,tiket kai
Tiket Kereta,Tiket Kereta Ekonomi,tiket kereta ekonomi
Tiket Kereta,Tiket Kereta Bisnis,tiket kereta bisnis
Tiket Kereta,Tiket Kereta Eksekutif,tiket kereta eksekutif
Tiket Kereta,Tiket Kereta Luxury,tiket kereta luxury
Tiket Kereta,Tiket KA Argo Bromo Anggrek,tiket ka argo bromo anggrek
Tiket Kereta,Tiket KA Argo Parahyangan,tiket ka argo parahyangan
Tiket Kereta,Tiket KA Argo Wilis,tiket ka argo wilis
Tiket Kereta,Tiket KA Taksaka,tiket ka taksaka
Tiket Kereta,Tiket KA Lodaya,tiket ka lodaya
Tiket Kereta,Tiket KA Malabar,tiket ka malabar
Tiket Kereta,Tiket KA Turangga,tiket ka turangga
Tiket Kereta,Tiket KA Matarmaja,tiket ka matarmaja
Tiket Kereta,Tiket KA Majapahit,tiket ka majapahit
Tiket Kereta,Tiket KA Bengawan,tiket ka bengawan
Tiket Kereta,Tiket KA Serayu,tiket ka serayu
Tiket Kereta,Tiket KA Kahuripan,tiket ka kahuripan
Tiket Kereta,Tiket KA Jayabaya,tiket ka jayabaya
Tiket Kereta,Tiket KA Gajayana,tiket ka gajayana
Tiket Kereta,Tiket KA Bima,tiket ka bima
Tiket Kereta,Tiket KA Sembrani,tiket ka sembrani
Tiket Kereta,Tiket KA Kertajaya,tiket ka kertajaya
Tiket Kereta,Tiket KA Sancaka,tiket ka sancaka
Tiket Kereta,Tiket KA Progo,tiket ka progo
Tiket Kereta,Tiket KA Brantas,tiket ka brantas
Tiket Kereta,Tiket KA Logawa,tiket ka logawa
Tiket Kereta,Tiket KA Sri Tanjung,tiket ka sri tanjung
Tiket Kereta,Tiket KA Pasundan,tiket ka pasundan
Tiket Kereta,Tiket KA Bogowonto,tiket ka bogowonto
Tiket Kereta,Tiket KA Fajar Utama,tiket ka fajar utama
Tiket Kereta,Tiket Kereta Bandara,tiket kereta bandara
Tiket Kereta,Tiket Railink,tiket railink
Tiket Kereta,Tiket LRT Jabodebek,tiket lrt jabodebek
Tiket Kereta,Tiket MRT Jakarta,tiket mrt jakarta
Tiket Kereta,Tiket KRL Commuter Line,tiket krl commuter line
Tiket Kereta,Tiket Kereta Cepat Whoosh,tiket kereta cepat whoosh
Tiket Kereta,Upgrade Kursi Kereta,upgrade kursi kereta
Tiket Kereta,Pilih Seat Kereta,pilih seat kereta
Tiket Kereta,Makanan di Kereta,makanan di kereta
Tiket Kereta,Minuman di Kereta,minuman di kereta
Tiket Kereta,Bagasi Tambahan Kereta,bagasi tambahan kereta
Tiket Kereta,Biaya Reschedule Tiket Kereta,biaya reschedule tiket kereta
Tiket Kereta,Biaya Refund Tiket Kereta,biaya refund tiket kereta
Tiket Kereta,Lounge Stasiun,lounge stasiun
Tiket Kereta,Shuttle ke Stasiun,shuttle ke stasiun
Tiket Kereta,Transport ke Stasiun,transport ke stasiun
Tiket Kereta,Hotel Transit Dekat Stasiun,hotel transit dekat stasiun
Tiket Kereta,Cetak Boarding Pass Kereta,cetak boarding pass kereta
Tiket Kereta,Porter Stasiun,porter stasiun
Tiket Kereta,Sewa Selimut Kereta,sewa selimut kereta
Tiket Kereta,WiFi Kereta,wifi kereta
Tiket Kereta,Tiket Sleeper Train,tiket sleeper train
Tiket Kereta,Tiket Kereta Wisata,tiket kereta wisata
Tiket Kereta,Tiket Kereta Lokal,tiket kereta lokal
Tiket Kereta,Tiket Kereta Antar Kota,tiket kereta antar kota
Tiket Kereta,Tiket Kereta Pulang Pergi,tiket kereta pulang pergi
Tiket Whoosh,Tiket Whoosh Ekonomi,tiket whoosh ekonomi
Tiket Whoosh,Tiket Whoosh Premium,tiket whoosh premium
Tiket Whoosh,Tiket Whoosh Bisnis,tiket whoosh bisnis
Tiket Whoosh,Tiket Whoosh First Class,tiket whoosh first class
Tiket Whoosh,Tiket Whoosh Ekonomi Promo,tiket whoosh ekonomi promo
Tiket Whoosh,Tiket Whoosh Premium Promo,tiket whoosh premium promo
Tiket Whoosh,Tiket Whoosh Bisnis Promo,tiket whoosh bisnis promo
Tiket Whoosh,Tiket Whoosh First Class Promo,tiket whoosh first class promo
Tiket Whoosh,Tiket Whoosh Pulang Pergi,tiket whoosh pulang pergi
Tiket Whoosh,Tiket Whoosh One Way,tiket whoosh one way
Tiket Whoosh,Tiket Whoosh Weekend,tiket whoosh weekend
Tiket Whoosh,Tiket Whoosh Weekday,tiket whoosh weekday
Tiket Whoosh,Tiket Whoosh Jam Sibuk,tiket whoosh jam sibuk
Tiket Whoosh,Tiket Whoosh Non Peak,tiket whoosh non peak
Tiket Whoosh,Upgrade Kursi Whoosh,upgrade kursi whoosh
Tiket Whoosh,Upgrade ke Premium Whoosh,upgrade ke premium whoosh
Tiket Whoosh,Upgrade ke Bisnis Whoosh,upgrade ke bisnis whoosh
Tiket Whoosh,Upgrade ke First Class Whoosh,upgrade ke first class whoosh
Tiket Whoosh,Pilih Seat Whoosh,pilih seat whoosh
Tiket Whoosh,Reschedule Tiket Whoosh,reschedule tiket whoosh
Tiket Whoosh,Refund Tiket Whoosh,refund tiket whoosh
Tiket Whoosh,Biaya Pembatalan Whoosh,biaya pembatalan whoosh
Tiket Whoosh,Booking Online Whoosh,booking online whoosh
Tiket Whoosh,Tiket Grup Whoosh,tiket grup whoosh
Tiket Whoosh,Tiket Corporate Whoosh,tiket corporate whoosh
Tiket Whoosh,Tiket Pelajar Whoosh,tiket pelajar whoosh
Tiket Whoosh,Tiket Lansia Whoosh,tiket lansia whoosh
Tiket Whoosh,Tiket Anak Whoosh,tiket anak whoosh
Tiket Whoosh,Tiket Prioritas Whoosh,tiket prioritas whoosh
Tiket Whoosh,Lounge Whoosh,lounge whoosh
Tiket Whoosh,Parkir Stasiun Whoosh,parkir stasiun whoosh
Tiket Whoosh,Shuttle ke Stasiun Whoosh,shuttle ke stasiun whoosh
Tiket Whoosh,Transport ke Stasiun Whoosh,transport ke stasiun whoosh
Tiket Whoosh,Bagasi Tambahan Whoosh,bagasi tambahan whoosh
Tiket Whoosh,Porter Stasiun Whoosh,porter stasiun whoosh
Tiket Whoosh,WiFi Premium Whoosh,wifi premium whoosh
Tiket Whoosh,Tiket Whoosh Jakarta Bandung,tiket whoosh jakarta bandung
Tiket Whoosh,Tiket Whoosh Bandung Jakarta,tiket whoosh bandung jakarta
Tiket Whoosh,Tiket Whoosh Halim Padalarang,tiket whoosh halim padalarang
Tiket Whoosh,Tiket Whoosh Halim Tegalluar,tiket whoosh halim tegalluar
Tiket Whoosh,Tiket Langganan Whoosh,tiket langganan whoosh
Tiket Whoosh,Tiket Harian Whoosh,tiket harian whoosh
Tiket Whoosh,Tiket Mendadak Whoosh,tiket mendadak whoosh
Tiket Whoosh,Tiket Early Booking Whoosh,tiket early booking whoosh
Tiket Whoosh,Tiket Flexible Whoosh,tiket flexible whoosh
Tiket Whoosh,Tiket Non Refundable Whoosh,tiket non refundable whoosh
Tiket Whoosh,Tiket Priority Boarding Whoosh,tiket priority boarding whoosh
Tiket Whoosh,Tiket Fast Track Whoosh,tiket fast track whoosh
Bus Parawisata,Aerotrans (Jakarta),aerotrans jakarta
Bus Parawisata,Agra Icon,agra icon
Bus Parawisata,AJA,aja
Bus Parawisata,Alegra,alegra
Bus Parawisata,AM Shantika,am shantika
Bus Parawisata,AM Trans,am trans
Bus Parawisata,AO Transport,ao transport
Bus Parawisata,Ardana,ardana
Bus Parawisata,Ardian Transport,ardian transport
Bus Parawisata,Arimbi,arimbi
Bus Parawisata,Arion (Jakarta),arion jakarta
Bus Parawisata,Aris Trans,aris trans
Bus Parawisata,Armada Jaya Perkasa,armada jaya perkasa
Bus Parawisata,Arya Kencana,arya kencana
Bus Parawisata,Asyaco,asyaco
Bus Parawisata,Atmajaya,atmajaya
Bus Parawisata,Bahana,bahana
Bus Parawisata,BEE Bus,bee bus
Bus Parawisata,Bejeu,bejeu
Bus Parawisata,BGS Trans,bgs trans
Bus Parawisata,Bhaladatika Tour (Jakarta),bhaladatika tour jakarta
Bus Parawisata,Bhineka,bhineka
Bus Parawisata,Big Bird (Jakarta dan Surabaya),big bird jakarta dan surabaya
Bus Parawisata,Bina Transport,bina transport
Bus Parawisata,Bintang Tiga,bintang tiga
Bus Parawisata,Bintang Wisata,bintang wisata
Bus Parawisata,Blue Star,blue star
Bus Parawisata,Buah Batu,buah batu
Bus Parawisata,Budiman Pariwisata,budiman pariwisata
Bus Parawisata,Bulan Jaya,bulan jaya
Bus Parawisata,Cipaganti,cipaganti
Bus Parawisata,Cipta Karunia,cipta karunia
Bus Parawisata,Citra Dewi,citra dewi
Bus Parawisata,City Trans Utama,city trans utama
Bus Parawisata,Cleo,cleo
Bus Parawisata,Deborah,deborah
Bus Parawisata,Desiana,desiana
Bus Parawisata,Dewi Sri Pariwisata,dewi sri pariwisata
Bus Parawisata,Dieng Indah Pariwisata,dieng indah pariwisata
Bus Parawisata,Discovery,discovery
Bus Parawisata,Dutro Minibus,dutro minibus
Bus Parawisata,Effesiensi,effesiensi
Bus Parawisata,Epa Star,epa star
Bus Parawisata,Esem Abadi,esem abadi
Bus Parawisata,Etrans,etrans
Bus Parawisata,Express Eagle High (Jakarta),express eagle high jakarta
Bus Parawisata,Fajar Transport,fajar transport
Bus Parawisata,Gunung Harta,gunung harta
Bus Parawisata,Harapan Jaya Pariwisata,harapan jaya pariwisata
Bus Parawisata,Haryanto,haryanto
Bus Parawisata,Hiba Utama,hiba utama
Bus Parawisata,Ichtra Jaya,ichtra jaya
Bus Parawisata,Indah Murni,indah murni
Bus Parawisata,Jackal Holiday,jackal holiday
Bus Parawisata,Jasmine,jasmine
Bus Parawisata,Karunia Pariwisata,karunia pariwisata
Bus Parawisata,Kerub Pariwisata Indonesia,kerub pariwisata indonesia
Bus Parawisata,kosayu,kosayu
Bus Parawisata,Kosub Bersama,kosub bersama
Bus Parawisata,Kramat Djati,kramat djati
Bus Parawisata,Laju Utama,laju utama
Bus Parawisata,Laks Autobus,laks autobus
Bus Parawisata,Lautan,lautan
Bus Parawisata,Limas Pariwisata (Bogor),limas pariwisata bogor
Bus Parawisata,Lutfansa,lutfansa
Bus Parawisata,Malino Putra,malino putra
Bus Parawisata,Manhattan,manhattan
Bus Parawisata,Matahari Holidays,matahari holidays
Bus Parawisata,Medal Jaya,medal jaya
Bus Parawisata,Metropolitan,metropolitan
Bus Parawisata,Midas Nusantara,midas nusantara
Bus Parawisata,Nirwana Pariwisata,nirwana pariwisata
Bus Parawisata,Nuansa Wisata,nuansa wisata
Bus Parawisata,Nugroho,nugroho
Bus Parawisata,Nusa Indah,nusa indah
Bus Parawisata,Pakar Wisata,pakar wisata
Bus Parawisata,Panorama Pariwisata,panorama pariwisata
Bus Parawisata,Perdana Jaya,perdana jaya
Bus Parawisata,Premium Passion,premium passion
Bus Parawisata,Primajasa Citymiles,primajasa citymiles
Bus Parawisata,Purnayasa,purnayasa
Bus Parawisata,Pusaka Wisata,pusaka wisata
Bus Parawisata,Putra Remaja Jakarta,putra remaja jakarta
Bus Parawisata,Qitarabu,qitarabu
Bus Parawisata,Queen Trans,queen trans
Bus Parawisata,Restu Mulya,restu mulya
Bus Parawisata,Rezeki Baru,rezeki baru
Bus Parawisata,Rosalia Indah Pariwisata,rosalia indah pariwisata
Bus Parawisata,Royal Platinum,royal platinum
Bus Parawisata,Safari Dharma Raya (OBL),safari dharma raya obl
Bus Parawisata,Sahabat Kita,sahabat kita
Bus Parawisata,Semanta,semanta
Bus Parawisata,Shantika,shantika
Bus Parawisata,SJLU (Sinar Jaya Langgeng Utama),sjlu sinar jaya langgeng utama
Bus Parawisata,SM Prima,sm prima
Bus Parawisata,SPA Trans,spa trans
Bus Parawisata,Starbus,starbus
Bus Parawisata,Subur Jaya,subur jaya
Bus Parawisata,Suhada,suhada
Bus Parawisata,Sumber Usaha,sumber usaha
Bus Parawisata,Suryaputra Trans,suryaputra trans
Bus Parawisata,Syimponie,syimponie
Bus Parawisata,Trac,trac
Bus Parawisata,Trans Boutiqe,trans boutiqe
Bus Parawisata,Trans Utama,trans utama
Bus Parawisata,Tunggal Daya,tunggal daya
Bus Parawisata,Vircansa Tour Bus & Travel,vircansa tour bus travel
Bus Parawisata,Virgo Transport,virgo transport
Bus Parawisata,Warga Baru Pariwisata,warga baru pariwisata
Bus Parawisata,Wayang,wayang
Bus Parawisata,"White Horse (Jakarta, Bandung dan Palembang)",white horse jakarta bandung dan palembang
Bus Parawisata,William,william
Bus Parawisata,Win Bus,win bus
Bus Parawisata,Yellow Wish,yellow wish
Bus Parawisata,YM Transport,ym transport
Bus Parawisata,Zentrum,zentrum
Generate Tiket Bus,Tiket Bus AKAP,tiket bus akap
Generate Tiket Bus,Tiket Bus AKDP,tiket bus akdp
Generate Tiket Bus,Tiket Bus Ekonomi,tiket bus ekonomi
Generate Tiket Bus,Tiket Bus Bisnis,tiket bus bisnis
Generate Tiket Bus,Tiket Bus Executive,tiket bus executive
Generate Tiket Bus,Tiket Bus Sleeper,tiket bus sleeper
Generate Tiket Bus,Tiket Bus Luxury,tiket bus luxury
Generate Tiket Bus,Tiket Bus Pariwisata,tiket bus pariwisata
Generate Tiket Bus,Tiket Bus Antar Kota,tiket bus antar kota
Generate Tiket Bus,Tiket Bus Antar Provinsi,tiket bus antar provinsi
Generate Tiket Bus,Tiket Bus Dalam Kota,tiket bus dalam kota
Generate Tiket Bus,Tiket Bus TransJakarta,tiket bus transjakarta
Generate Tiket Bus,Tiket Bus DAMRI,tiket bus damri
Generate Tiket Bus,Tiket Bus Bandara,tiket bus bandara
Generate Tiket Bus,Tiket Bus Shuttle,tiket bus shuttle
Generate Tiket Bus,Tiket Bus Travel,tiket bus travel
Generate Tiket Bus,Tiket Bus Malam,tiket bus malam
Generate Tiket Bus,Tiket Bus Pagi,tiket bus pagi
Generate Tiket Bus,Tiket Bus Weekend,tiket bus weekend
Generate Tiket Bus,Tiket Bus Weekday,tiket bus weekday
Generate Tiket Bus,Tiket Bus Pulang Pergi,tiket bus pulang pergi
Generate Tiket Bus,Tiket Bus One Way,tiket bus one way
Generate Tiket Bus,Tiket Bus Promo,tiket bus promo
Generate Tiket Bus,Tiket Bus Online Booking,tiket bus online booking
Generate Tiket Bus,Tiket Bus Mendadak,tiket bus mendadak
Generate Tiket Bus,Tiket Bus Early Booking,tiket bus early booking
Generate Tiket Bus,Tiket Bus Rombongan,tiket bus rombongan
Generate Tiket Bus,Tiket Bus Corporate,tiket bus corporate
Generate Tiket Bus,Tiket Bus Pelajar,tiket bus pelajar
Generate Tiket Bus,Tiket Bus Lansia,tiket bus lansia
Generate Tiket Bus,Tiket Bus Anak,tiket bus anak
Generate Tiket Bus,Upgrade Kursi Bus,upgrade kursi bus
Generate Tiket Bus,Pilih Seat Bus,pilih seat bus
Generate Tiket Bus,Bagasi Tambahan Bus,bagasi tambahan bus
Generate Tiket Bus,Reschedule Tiket Bus,reschedule tiket bus
Generate Tiket Bus,Refund Tiket Bus,refund tiket bus
Generate Tiket Bus,Biaya Pembatalan Bus,biaya pembatalan bus
Generate Tiket Bus,Lounge Terminal,lounge terminal
Generate Tiket Bus,Shuttle ke Terminal,shuttle ke terminal
Generate Tiket Bus,Transport ke Terminal,transport ke terminal
Generate Tiket Bus,Porter Terminal,porter terminal
Generate Tiket Bus,Tiket Bus Jakarta Bandung,tiket bus jakarta bandung
Generate Tiket Bus,Tiket Bus Jakarta Yogyakarta,tiket bus jakarta yogyakarta
Generate Tiket Bus,Tiket Bus Jakarta Surabaya,tiket bus jakarta surabaya
Generate Tiket Bus,Tiket Bus Bandung Semarang,tiket bus bandung semarang
Generate Tiket Bus,Tiket Bus Medan Aceh,tiket bus medan aceh
Generate Tiket Bus,Tiket Bus Makassar Manado,tiket bus makassar manado
Generate Tiket Bus,Tiket Langganan Bus,tiket langganan bus
Generate Tiket Bus,Tiket Harian Bus,tiket harian bus
Generate Tiket Travel,Tiket Travel Antar Kota,tiket travel antar kota
Generate Tiket Travel,Tiket Travel Antar Provinsi,tiket travel antar provinsi
Generate Tiket Travel,Tiket Travel Dalam Kota,tiket travel dalam kota
Generate Tiket Travel,Tiket Travel Bandara,tiket travel bandara
Generate Tiket Travel,Tiket Travel Shuttle,tiket travel shuttle
Generate Tiket Travel,Tiket Travel Door to Door,tiket travel door to door
Generate Tiket Travel,Tiket Travel Reguler,tiket travel reguler
Generate Tiket Travel,Tiket Travel Executive,tiket travel executive
Generate Tiket Travel,Tiket Travel VIP,tiket travel vip
Generate Tiket Travel,Tiket Travel Premium,tiket travel premium
Generate Tiket Travel,Tiket Travel Ekonomi,tiket travel ekonomi
Generate Tiket Travel,Tiket Travel Malam,tiket travel malam
Generate Tiket Travel,Tiket Travel Pagi,tiket travel pagi
Generate Tiket Travel,Tiket Travel Weekend,tiket travel weekend
Generate Tiket Travel,Tiket Travel Weekday,tiket travel weekday
Generate Tiket Travel,Tiket Travel Pulang Pergi,tiket travel pulang pergi
Generate Tiket Travel,Tiket Travel One Way,tiket travel one way
Generate Tiket Travel,Tiket Travel Promo,tiket travel promo
Generate Tiket Travel,Tiket Travel Online Booking,tiket travel online booking
Generate Tiket Travel,Tiket Travel Mendadak,tiket travel mendadak
Generate Tiket Travel,Tiket Travel Early Booking,tiket travel early booking
Generate Tiket Travel,Tiket Travel Rombongan,tiket travel rombongan
Generate Tiket Travel,Tiket Travel Corporate,tiket travel corporate
Generate Tiket Travel,Tiket Travel Pelajar,tiket travel pelajar
Generate Tiket Travel,Tiket Travel Lansia,tiket travel lansia
Generate Tiket Travel,Tiket Travel Anak,tiket travel anak
Generate Tiket Travel,Upgrade Kursi Travel,upgrade kursi travel
Generate Tiket Travel,Pilih Seat Travel,pilih seat travel
Generate Tiket Travel,Bagasi Tambahan Travel,bagasi tambahan travel
Generate Tiket Travel,Reschedule Tiket Travel,reschedule tiket travel
Generate Tiket Travel,Refund Tiket Travel,refund tiket travel
Generate Tiket Travel,Biaya Pembatalan Travel,biaya pembatalan travel
Generate Tiket Travel,Shuttle ke Pool Travel,shuttle ke pool travel
Generate Tiket Travel,Transport ke Pool Travel,transport ke pool travel
Generate Tiket Travel,Porter Travel,porter travel
Generate Tiket Travel,Tiket Travel Jakarta Bandung,tiket travel jakarta bandung
Generate Tiket Travel,Tiket Travel Jakarta Cirebon,tiket travel jakarta cirebon
Generate Tiket Travel,Tiket Travel Bandung Yogyakarta,tiket travel bandung yogyakarta
Generate Tiket Travel,Tiket Travel Jakarta Semarang,tiket travel jakarta semarang
Generate Tiket Travel,Tiket Travel Surabaya Malang,tiket travel surabaya malang
Generate Tiket Travel,Tiket Travel Medan Pekanbaru,tiket travel medan pekanbaru
Generate Tiket Travel,Tiket Langganan Travel,tiket langganan travel
Generate Tiket Travel,Tiket Harian Travel,tiket harian travel
Generate Tiket Travel,Tiket Carter Travel,tiket carter travel
Generate Tiket Travel,Tiket Private Travel,tiket private travel
Generate Tiket Travel,Tiket Travel Shared Ride,tiket travel shared ride
Generate Tiket Travel,Tiket Travel Area Wisata,tiket travel area wisata
Generate Tiket Travel,Tiket Travel Karyawan,tiket travel karyawan
Generate Tiket Travel,Tiket Travel Komuter,tiket travel komuter
Generate Antar Jemput Bandara,Antar Jemput Bandara,antar jemput bandara
Generate Antar Jemput Bandara,Antar Jemput Bandara Reguler,antar jemput bandara reguler
Generate Antar Jemput Bandara,Antar Jemput Bandara VIP,antar jemput bandara vip
Generate Antar Jemput Bandara,Antar Jemput Bandara Private,antar jemput bandara private
Generate Antar Jemput Bandara,Antar Jemput Bandara Shared Ride,antar jemput bandara shared ride
Generate Antar Jemput Bandara,Antar Jemput Bandara Hotel,antar jemput bandara hotel
Generate Antar Jemput Bandara,Antar Jemput Bandara Stasiun,antar jemput bandara stasiun
Generate Antar Jemput Bandara,Antar Jemput Bandara Terminal,antar jemput bandara terminal
Generate Antar Jemput Bandara,Antar Jemput Bandara Pagi,antar jemput bandara pagi
Generate Antar Jemput Bandara,Antar Jemput Bandara Malam,antar jemput bandara malam
Generate Antar Jemput Bandara,Antar Jemput Bandara Weekend,antar jemput bandara weekend
Generate Antar Jemput Bandara,Antar Jemput Bandara Weekday,antar jemput bandara weekday
Generate Antar Jemput Bandara,Antar Jemput Bandara Pulang Pergi,antar jemput bandara pulang pergi
Generate Antar Jemput Bandara,Antar Jemput Bandara One Way,antar jemput bandara one way
Generate Antar Jemput Bandara,Booking Antar Jemput Bandara,booking antar jemput bandara
Generate Antar Jemput Bandara,Reschedule Antar Jemput Bandara,reschedule antar jemput bandara
Generate Antar Jemput Bandara,Refund Antar Jemput Bandara,refund antar jemput bandara
Generate Rental Mobil,Rental Mobil Harian,rental mobil harian
Generate Rental Mobil,Rental Mobil Mingguan,rental mobil mingguan
Generate Rental Mobil,Rental Mobil Bulanan,rental mobil bulanan
Generate Rental Mobil,Rental Mobil Lepas Kunci,rental mobil lepas kunci
Generate Rental Mobil,Rental Mobil Dengan Sopir,rental mobil dengan sopir
Generate Rental Mobil,Rental Mobil Premium,rental mobil premium
Generate Rental Mobil,Rental Mobil SUV,rental mobil suv
Generate Rental Mobil,Rental Mobil MPV,rental mobil mpv
Generate Rental Mobil,Rental Mobil City Car,rental mobil city car
Generate Rental Mobil,Rental Mobil Mewah,rental mobil mewah
Generate Rental Mobil,Rental Mobil Bandara,rental mobil bandara
Generate Rental Mobil,Rental Mobil Luar Kota,rental mobil luar kota
Generate Rental Mobil,Rental Mobil Dalam Kota,rental mobil dalam kota
Generate Rental Mobil,Rental Mobil Perjalanan Dinas,rental mobil perjalanan dinas
Generate Rental Mobil,Rental Mobil Wisata,rental mobil wisata
Generate Rental Mobil,Rental Mobil Pernikahan,rental mobil pernikahan
Generate Rental Mobil,Rental Mobil Jemput Tamu,rental mobil jemput tamu
Generate Rental Mobil,Rental Mobil Corporate,rental mobil corporate
Generate Rental Mobil,Rental Mobil 12 Jam,rental mobil jam
Generate Rental Mobil,Rental Mobil Full Day,rental mobil full day
Generate Rental Mobil,Rental Mobil Half Day,rental mobil half day
Generate Rental Mobil,Upgrade Kendaraan Rental,upgrade kendaraan rental
Generate Rental Mobil,Tambahan Jam Rental,tambahan jam rental
Generate Rental Mobil,Tambahan Sopir Rental,tambahan sopir rental
Generate Rental Mobil,BBM Rental,bbm rental
Generate Rental Mobil,Tol Rental,tol rental
Generate Rental Mobil,Parkir Rental,parkir rental
Generate Rental Mobil,Deposit Rental,deposit rental
Generate Rental Mobil,Booking Online Rental,booking online rental
Generate Rental Mobil,Reschedule Rental,reschedule rental
Generate Rental Mobil,Refund Rental,refund rental
Generate Rental Mobil,Sewa Hiace,sewa hiace
Generate Rental Mobil,Sewa Elf,sewa elf
