Kategori,Nama Produk
BBM,Pertalite
BBM,Bensin
BBM,Pertamax
BBM,Pertamax Turbo
BBM,Dexlite
BBM,Pertamina Dex
BBM,Solar
BBM,Shell Super
BBM,Shell V-Power
BBM,Shell V-Power Nitro+
BBM,Shell V-Power Diesel
BBM,BP 90
BBM,BP 92
BBM,BP Ultimate
BBM,BP Diesel
BBM,Revvo 89
BBM,Revvo 90
BBM,Revvo 92
BBM,Diesel Primus
BBM,Bio Solar
BBM,Pertamax Green 95
BBM,Bioetanol Blend
BBM,Premium (RON 88)
Parkir,Parkir Motor
Parkir,Parkir Mobil
Parkir,Parkir Bus
Parkir,Parkir Truk
Parkir,Parkir Sepeda
Parkir,Parkir Kampus
Parkir,Parkir Sekolah
Parkir,Parkir Kantor
Parkir,Parkir Mall
Parkir,Parkir Pasar
Parkir,Parkir Rumah Sakit
Parkir,Parkir Hotel
Parkir,Parkir Restoran
Parkir,Parkir Apartemen
Parkir,Parkir Perumahan
Parkir,Parkir Stadion
Parkir,Parkir Bandara
Parkir,Parkir Stasiun
Parkir,Parkir Terminal
Parkir,Parkir Pelabuhan
Parkir,Parkir Tempat Wisata
Parkir,Parkir Gedung
Parkir,Parkir Basement
Parkir,Parkir Rooftop
Parkir,Parkir Pinggir Jalan
Parkir,Parkir Area Publik
Parkir,Parkir VIP
Parkir,Valet Parking
Parkir,Parkir Inap
Parkir,Parkir Harian
Parkir,Parkir Mingguan
Parkir,Parkir Bulanan
Parkir,Parkir Tahunan
Parkir,Parkir Langganan
Parkir,Parkir Event
Parkir,Parkir Konser
Parkir,Parkir Pameran
Parkir,Parkir Car Free Day
Parkir,Parkir Transit
Parkir,Park and Ride
Parkir,Parkir Rest Area
Parkir,Parkir Tol
Parkir,Parkir Wisata
Parkir,Parkir Kendaraan Listrik
Parkir,Charging + Parking
Parkir,Parkir Disabilitas
Parkir,Parkir Keluarga
Parkir,Parkir Khusus Wanita
Parkir,Parkir Online Booking
Parkir,Smart Parking
Parkir,E-Parking
Parkir,Parkir Tunai
Parkir,Parkir QRIS
Parkir,Parkir E-Money
Parkir,Parkir Tap Card
Parkir,Denda Parkir
Parkir,Tilang Parkir
Parkir,Biaya Derek
Parkir,Titip Kendaraan
Parkir,Garasi Sewa
Parkir,Parkir Motor Premium
Parkir,Parkir Mobil Premium
Parkir,Parkir Kendaraan Besar
Parkir,Parkir Sepeda Listrik
Parkir,Parkir Ojek Online
Parkir,Parkir Taksi
Parkir,Parkir Armada
Parkir,Parkir Logistik
Parkir,Parkir Drop Off
Parkir,Parkir Pick Up
Parkir,Parkir 1 Jam
Parkir,Parkir 2 Jam
Parkir,Parkir Overnight
Parkir,Parkir Akhir Pekan
Parkir,Parkir Hari Libur
Parkir,Parkir Musiman
Parkir,Parkir Khusus Member
Parkir,Parkir Reservasi
Parkir,Parkir Darurat
Parkir,Parkir Sementara
Parkir,Parkir Karyawan
Parkir,Parkir Tenant
Parkir,Parkir Pengunjung
Parkir,Parkir Loading Zone
Parkir,Parkir Bongkar Muat
Parkir,Parkir Bus Pariwisata
Parkir,Parkir Travel
Parkir,Parkir Shuttle
Parkir,Parkir Sepeda Motor Listrik
Parkir,Parkir Mobil Listrik
Parkir,Parkir Hybrid
Parkir,Parkir Area Hijau
Parkir,Parkir Hemat
Parkir,Parkir Lainnya
Ride Hailing,Gojek Bike
Ride Hailing,Gojek Car
Ride Hailing,GoRide
Ride Hailing,GoCar
Ride Hailing,GoCar Luxe
Ride Hailing,GoBluebird
Ride Hailing,Grab Bike
Ride Hailing,Grab Car
Ride Hailing,GrabCar Plus
Ride Hailing,GrabCar Premium
Ride Hailing,GrabTaxi
Ride Hailing,GrabRent
Ride Hailing,Maxim Bike
Ride Hailing,Maxim Car
Ride Hailing,Maxim Delivery Ride
Ride Hailing,InDrive Bike
Ride Hailing,InDrive Car
Ride Hailing,Bluebird App Ride
Ride Hailing,Taxi Online
Ride Hailing,Taxi Premium Online
Ride Hailing,Carpool Ride
Ride Hailing,Ride Sharing
Ride Hailing,Pooling Ride
Ride Hailing,Women Only Ride
Ride Hailing,Family Ride
Ride Hailing,Executive Ride
Ride Hailing,Priority Ride
Ride Hailing,XL Vehicle Ride
Ride Hailing,Van Ride
Ride Hailing,SUV Ride
Ride Hailing,EV Ride
Ride Hailing,Motor Listrik Ride
Ride Hailing,Airport Transfer
Ride Hailing,Station Transfer
Ride Hailing,Hotel Transfer
Ride Hailing,Shuttle Ride
Ride Hailing,City Tour Ride
Ride Hailing,Hourly Booking
Ride Hailing,Daily Booking
Ride Hailing,Weekly Booking
Ride Hailing,Subscription Ride
Ride Hailing,Corporate Ride
Ride Hailing,Student Ride
Ride Hailing,Promo Ride
Ride Hailing,Shared Bike Ride
Ride Hailing,Shared Car Ride
Ride Hailing,Late Night Ride
Ride Hailing,Emergency Ride
Ride Hailing,Pet Friendly Ride
Ride Hailing,Child Seat Ride
Ride Hailing,Parcel + Ride
Ride Hailing,Intercity Ride
Ride Hailing,Ride to Work
Ride Hailing,Ride to Campus
Ride Hailing,Ride to Mall
Ride Hailing,Ride to Hospital
Ride Hailing,Ride to Event
Ride Hailing,Ride Return Trip
Ride Hailing,Multi Stop Ride
Ride Hailing,Scheduled Ride
Ride Hailing,Instant Ride
Ride Hailing,Ride Voucher
Ride Hailing,Ride Cashback
Ride Hailing,Luxury Sedan Ride
Ride Hailing,MPV Ride
Ride Hailing,Pickup Ride
Ride Hailing,Tourism Ride
Ride Hailing,Weekend Ride
Ride Hailing,Holiday Ride
Ride Hailing,Monthly Ride Pass
Ride Hailing,Eco Ride
Ride Hailing,Green Ride
Ride Hailing,Female Driver Ride
Ride Hailing,Senior Friendly Ride
Ride Hailing,Accessible Ride
Ride Hailing,Wheelchair Ride
Ride Hailing,Premium Bike Ride
Ride Hailing,Fast Pickup Ride
Ride Hailing,Long Distance Ride
Ride Hailing,Short Distance Ride
Ride Hailing,Peak Hour Ride
Ride Hailing,Non Peak Ride
Ride Hailing,Night Surge Ride
Ride Hailing,Rainy Day Ride
Ride Hailing,VIP Transfer
Ride Hailing,Event Shuttle Ride
Ride Hailing,Ride Membership
Ride Hailing,Rental with Driver
Ride Hailing,Smart Ride
Ride Hailing,Ride Credits
Ride Hailing,Ride Lainnya
Ride Hailing,Gojek Motor
Ride Hailing,Gojek Mobil
Ride Hailing,GoRide
Ride Hailing,GoCar
Ride Hailing,GoCar Mewah
Ride Hailing,GoBluebird
Ride Hailing,Grab Motor
Ride Hailing,Grab Mobil
Ride Hailing,Grab Mobil Plus
Ride Hailing,Grab Mobil Premium
Ride Hailing,Grab Taksi
Ride Hailing,Grab Sewa
Ride Hailing,Maxim Motor
Ride Hailing,Maxim Mobil
Ride Hailing,Maxim Antar Barang + Penumpang
Ride Hailing,InDrive Motor
Ride Hailing,InDrive Mobil
Ride Hailing,Bluebird Aplikasi
Ride Hailing,Taksi Online
Ride Hailing,Taksi Premium Online
Ride Hailing,Nebeng Mobil
Ride Hailing,Berbagi Tumpangan
Ride Hailing,Tumpangan Gabungan
Ride Hailing,Khusus Wanita
Ride Hailing,Perjalanan Keluarga
Ride Hailing,Perjalanan Eksekutif
Ride Hailing,Prioritas
Ride Hailing,Kendaraan XL
Ride Hailing,Van
Ride Hailing,SUV
Ride Hailing,Kendaraan Listrik
Ride Hailing,Motor Listrik
Ride Hailing,Antar Bandara
Ride Hailing,Antar Stasiun
Ride Hailing,Antar Hotel
Ride Hailing,Shuttle Online
Ride Hailing,Tur Kota
Ride Hailing,Sewa Per Jam
Ride Hailing,Sewa Harian
Ride Hailing,Sewa Mingguan
Ride Hailing,Langganan Perjalanan
Ride Hailing,Transport Karyawan
Ride Hailing,Transport Mahasiswa
Ride Hailing,Promo Perjalanan
Ride Hailing,Berbagi Motor
Ride Hailing,Berbagi Mobil
Ride Hailing,Perjalanan Malam
Ride Hailing,Perjalanan Darurat
Ride Hailing,Ramah Hewan Peliharaan
Ride Hailing,Kursi Anak
Ride Hailing,Antar Paket + Penumpang
Ride Hailing,Antar Kota
Ride Hailing,Ke Kantor
Ride Hailing,Ke Kampus
Ride Hailing,Ke Mall
Ride Hailing,Ke Rumah Sakit
Ride Hailing,Ke Acara
Ride Hailing,Pulang Pergi
Ride Hailing,Multi Tujuan
Ride Hailing,Jadwal Pesan
Ride Hailing,Pesan Sekarang
Ride Hailing,Voucher Perjalanan
Ride Hailing,Cashback Perjalanan
Ride Hailing,Sedan Mewah
Ride Hailing,MPV
Ride Hailing,Pickup
Ride Hailing,Paket Bulanan
Ride Hailing,Hemat Energi
Ride Hailing,Ramah Lingkungan
Ride Hailing,Driver Perempuan
Ride Hailing,Ramah Lansia
Ride Hailing,Akses Disabilitas
Ride Hailing,Kursi Roda
Ride Hailing,Motor Premium
Ride Hailing,Jemput Cepat
Ride Hailing,Jarak Jauh
Ride Hailing,Jarak Dekat
Ride Hailing,Jam Sibuk
Ride Hailing,Jam Sepi
Ride Hailing,Tarif Hujan
Ride Hailing,Tarif Malam
Ride Hailing,Transfer VIP
Ride Hailing,Shuttle Acara
Ride Hailing,Membership Ride
Ride Hailing,Rental dengan Sopir
Ride Hailing,Ride Pintar
Ride Hailing,Kredit Perjalanan
BBM,Pertalite
BBM,Pertamax
BBM,Pertamax Turbo
BBM,Pertamax Green 95
BBM,Pertamina Dex
BBM,Dexlite
BBM,Solar
BBM,Bio Solar
BBM,Premium (RON 88)
BBM,Shell Super
BBM,Shell V-Power
BBM,Shell V-Power Nitro+
BBM,Shell V-Power Diesel
BBM,Shell FuelSave 92
BBM,Shell FuelSave Diesel
BBM,BP 90
BBM,BP 92
BBM,BP Ultimate
BBM,BP Diesel
BBM,BP Ultimate Diesel
BBM,Revvo 89
BBM,Revvo 90
BBM,Revvo 92
BBM,Revvo 95
BBM,Diesel Primus
BBM,Revvo Diesel
BBM,Bioetanol Blend
BBM,Gasohol
BBM,Compressed Natural Gas (CNG) / Gas Alam Terkompresi
BBM,Liquefied Natural Gas (LNG) / Gas Alam Cair
BBM,Liquefied Petroleum Gas (LPG) / Gas Petroleum Cair
BBM,Electric Vehicle Charging AC / Pengisian Kendaraan Listrik AC
BBM,Electric Vehicle Charging DC Fast / Pengisian Kendaraan Listrik DC Cepat
BBM,Electric Vehicle Ultra Fast Charging / Pengisian Ultra Cepat Kendaraan Listrik
BBM,Home EV Charging / Pengisian EV di Rumah
BBM,Public EV Charging / Pengisian EV Umum
BBM,Hydrogen Fuel / Bahan Bakar Hidrogen
BBM,Aviation Turbine Fuel (Avtur) / Bahan Bakar Pesawat Jet
BBM,Aviation Gasoline (Avgas) / Bensin Pesawat
BBM,Marine Fuel Oil / Bahan Bakar Kapal
BBM,Fuel Oil / Minyak Bakar
BBM,Industrial Diesel / Solar Industri
BBM,High Speed Diesel / Solar Kecepatan Tinggi
BBM,Low Sulfur Diesel / Solar Rendah Sulfur
BBM,Subsidized Diesel / Solar Subsidi
BBM,Non Subsidized Diesel / Solar Non Subsidi
BBM,Kerosene / Minyak Tanah
BBM,Industrial Kerosene / Minyak Tanah Industri
BBM,Retail Gasoline / Bensin Eceran
BBM,Retail Diesel / Solar Eceran
BBM,Jerry Can Fuel / BBM Jerigen
BBM,Fuel Card Top Up / Isi Ulang Kartu BBM
BBM,Fuel Voucher / Voucher BBM
BBM,Emergency Fuel Delivery / Antar BBM Darurat
BBM,Motorcycle Refuel / Isi BBM Motor
BBM,Car Refuel / Isi BBM Mobil
BBM,Truck Refuel / Isi BBM Truk
BBM,Bus Refuel / Isi BBM Bus
BBM,Boat Refuel / Isi BBM Kapal
BBM,Generator Refuel / Isi BBM Genset
BBM,Heavy Equipment Refuel / Isi BBM Alat Berat
BBM,Full Tank Pertalite / Tangki Penuh Pertalite
BBM,Full Tank Pertamax / Tangki Penuh Pertamax
BBM,Full Tank Diesel / Tangki Penuh Solar
BBM,Partial Refuel / Isi BBM Sebagian
BBM,Fuel Additive / Aditif BBM
BBM,Octane Booster / Penambah Oktan
BBM,Cetane Booster / Penambah Cetane
BBM,AdBlue Diesel
BBM,2T Oil Mix / Oli Campuran 2T
BBM,Fuel Promo / Promo BBM
BBM,Fuel Cashback / Cashback BBM
BBM,Fuel Membership / Membership BBM
BBM,Fuel Subscription / Langganan BBM
BBM,Corporate Fuel Card / Kartu BBM Perusahaan
BBM,Fleet Fuel Management / Manajemen BBM Armada
BBM,Rest Area Refuel / Isi BBM Rest Area
BBM,Airport Refuel / Isi BBM Bandara
BBM,Port Refuel / Isi BBM Pelabuhan
BBM,Mini Fuel Station / SPBU Mini
BBM,Pertashop
BBM,Private Fuel Station / SPBU Swasta
BBM,Public Fuel Station / SPBU Umum
BBM,Self Service Fuel Station / SPBU Layanan Mandiri
BBM,Fleet Fuel Delivery / Antar BBM Armada
BBM,EV Motorcycle Charging / Charging Motor Listrik
BBM,EV Car Charging / Charging Mobil Listrik
BBM,Fast Charging Member / Fast Charging Member
BBM,Premium Ultra Charging / Ultra Charging Premium
BBM,Fuel Other / BBM Lainnya
Transport Umum,Bus Kota / City Bus
Transport Umum,Bus Rapid Transit (BRT) / Bus Rapid Transit
Transport Umum,TransJakarta
Transport Umum,Trans Jogja
Transport Umum,Trans Semarang
Transport Umum,Bus Antar Kota / Intercity Bus
Transport Umum,Bus Antar Provinsi / Interprovincial Bus
Transport Umum,Bus Pariwisata / Tourist Bus
Transport Umum,Shuttle Bus / Bus Shuttle
Transport Umum,Feeder Bus / Bus Pengumpan
Transport Umum,Minibus Umum / Public Minibus
Transport Umum,Mikrotrans / Micro Transit
Transport Umum,Angkot / Public Van
Transport Umum,Elf Travel / Elf Shuttle
Transport Umum,Travel Antar Kota / Intercity Shuttle
Transport Umum,Ojek Pangkalan / Conventional Motorcycle Taxi
Transport Umum,Becak / Pedicab
Transport Umum,Bentor / Motorized Rickshaw
Transport Umum,Bajaj / Auto Rickshaw
Transport Umum,Delman / Horse Carriage
Transport Umum,Kereta Ekonomi / Economy Train
Transport Umum,Kereta Bisnis / Business Train
Transport Umum,Kereta Eksekutif / Executive Train
Transport Umum,Kereta Lokal / Local Train
Transport Umum,Kereta Bandara / Airport Train
Transport Umum,Kereta Cepat / High Speed Rail
Transport Umum,KRL Commuter Line / Commuter Rail
Transport Umum,MRT / Mass Rapid Transit
Transport Umum,LRT / Light Rail Transit
Transport Umum,Monorel / Monorail
Transport Umum,Tram / Tram
Transport Umum,Subway / Kereta Bawah Tanah
Transport Umum,Ferry Penyeberangan / Passenger Ferry
Transport Umum,Kapal Cepat / Fast Boat
Transport Umum,Water Bus / Bus Air
Transport Umum,Taksi Reguler / Regular Taxi
Transport Umum,Taksi Bandara / Airport Taxi
Transport Umum,Taksi Premium / Premium Taxi
Transport Umum,Shuttle Bandara / Airport Shuttle
Transport Umum,Shuttle Hotel / Hotel Shuttle
Transport Umum,Shuttle Kampus / Campus Shuttle
Transport Umum,Shuttle Kantor / Office Shuttle
Transport Umum,Park and Ride / Park and Ride
Transport Umum,Tiket Harian / Daily Pass
Transport Umum,Tiket Mingguan / Weekly Pass
Transport Umum,Tiket Bulanan / Monthly Pass
Transport Umum,Tiket Tahunan / Annual Pass
Transport Umum,Kartu Multi Trip / Multi Trip Card
Transport Umum,E-Money Transport / Transport E-Money
Transport Umum,QR Ticket / Tiket QR
Transport Umum,Langganan Komuter / Commuter Subscription
Transport Umum,Tarif Pelajar / Student Fare
Transport Umum,Tarif Lansia / Senior Fare
Transport Umum,Tarif Disabilitas / Disability Fare
Transport Umum,Tarif Ekspres / Express Fare
Transport Umum,Tarif Reguler / Regular Fare
Transport Umum,Tiket Sekali Jalan / Single Ride Ticket
Transport Umum,Tiket Pulang Pergi / Round Trip Ticket
Transport Umum,Tiket Transit / Transit Ticket
Transport Umum,Tiket Wisata / Tourist Pass
Transport Umum,Tiket Event / Event Transport Pass
Transport Umum,Tiket Malam / Night Service Ticket
Transport Umum,Transport Pedesaan / Rural Transport
Transport Umum,Transport Perkotaan / Urban Transport
Transport Umum,Transport Pinggiran Kota / Suburban Transport
Transport Umum,Layanan Jam Sibuk / Peak Hour Service
Transport Umum,Layanan Malam / Night Service
Transport Umum,Layanan Akhir Pekan / Weekend Service
Transport Umum,Layanan Hari Libur / Holiday Service
Transport Umum,Bus Sekolah / School Bus
Transport Umum,Antar Jemput Karyawan / Employee Shuttle
Transport Umum,Antar Jemput Mahasiswa / Student Shuttle
Transport Umum,Transport Wisata Kota / City Tour Transport
Transport Umum,Charter Bus Umum / Public Charter Bus
Transport Umum,Shared Van / Van Bersama
Transport Umum,Public Transport Other / Transport Umum Lainnya
Transport Umum,ACI (Aku Cinta Indonesia)
Transportasi,Pertalite
Transportasi,Pertamax
Transportasi,Pertamax Turbo
Transportasi,Dexlite
Transportasi,Pertamina Dex
Transportasi,Solar
Transportasi,Shell Super
Transportasi,Shell V-Power
Transportasi,Shell Diesel
Transportasi,isi bensin
Transportasi,SPBU
Transportasi,fuel
Transportasi,gasoline
Transportasi,diesel
Transportasi,Gojek
Transportasi,GoRide
Transportasi,GoCar
Transportasi,Grab
Transportasi,GrabBike
Transportasi,GrabCar
Transportasi,Maxim
Transportasi,inDrive
Transportasi,Bluebird app
Transportasi,taxi online
Transportasi,ojol
Transportasi,Blue Bird
Transportasi,Express Taxi
Transportasi,taxi bandara
Transportasi,taksi reguler
Transportasi,TransJakarta
Transportasi,MRT Jakarta
Transportasi,LRT Jakarta
Transportasi,KRL
Transportasi,Commuter Line
Transportasi,bus kota
Transportasi,angkot
Transportasi,mikrotrans
Transportasi,Damri
Transportasi,shuttle bus
Transportasi,travel bus
Transportasi,KAI
Transportasi,tiket kereta
Transportasi,kereta api
Transportasi,Whoosh
Transportasi,KCIC
Transportasi,rail ticket
Transportasi,tiket pesawat
Transportasi,Garuda Indonesia
Transportasi,Lion Air
Transportasi,Citilink
Transportasi,AirAsia
Transportasi,Batik Air
Transportasi,Super Air Jet
Transportasi,airport tax
Transportasi,bagasi pesawat
Transportasi,ASDP
Transportasi,ferry
Transportasi,kapal laut
Transportasi,tiket kapal
Transportasi,Pelni
Transportasi,e-toll
Transportasi,Flazz toll
Transportasi,Mandiri e-money toll
Transportasi,TapCash toll
Transportasi,top up toll
Transportasi,bayar tol
Transportasi,Jasa Marga
Transportasi,parkir
Transportasi,parking
Transportasi,valet
Transportasi,parkir mall
Transportasi,parkir bandara
Transportasi,parkir stasiun
Transportasi,ganti oli
Transportasi,servis motor
Transportasi,servis mobil
Transportasi,tune up
Transportasi,spooring
Transportasi,balancing
Transportasi,bengkel
Transportasi,tambal ban
Transportasi,cuci mobil
Transportasi,cuci motor
Transportasi,pajak motor
Transportasi,pajak mobil
Transportasi,STNK
Transportasi,BPKB
Transportasi,perpanjang SIM
Transportasi,mutasi kendaraan
Transportasi,helm
Transportasi,ban motor
Transportasi,oli mesin
Transportasi,wiper mobil
Transportasi,charger mobil
Transportasi,dashcam
Transportasi,cover motor
Transportasi,sewa mobil
Transportasi,rental mobil
Transportasi,sewa motor
Transportasi,rental motor
Transportasi,leasing mobil
Transportasi,cicilan mobil
Transportasi,cicilan motor
Transportasi,uang muka kendaraan
Transportasi,tol harian
Transportasi,tol bulanan
Transportasi,top up e-money
Transportasi,top up flazz
Transportasi,top up tapcash
Transportasi,top up brizzi
Transportasi,parkir harian
Transportasi,parkir inap
Transportasi,parkir gedung
Transportasi,parkir kantor
Transportasi,parkir apartemen
Transportasi,valet parking
Transportasi,derek mobil
Transportasi,towing
Transportasi,jasa derek
Transportasi,asuransi mobil
Transportasi,asuransi motor
Transportasi,premi kendaraan
Transportasi,ganti ban
Transportasi,ban mobil
Transportasi,aki mobil
Transportasi,aki motor
Transportasi,busi
Transportasi,kampas rem
Transportasi,rantai motor
Transportasi,oli transmisi
Transportasi,oli gardan
Transportasi,cairan radiator
Transportasi,spooring mobil
Transportasi,balancing ban
Transportasi,tune up mobil
Transportasi,tune up motor
Transportasi,salon mobil
Transportasi,detailing mobil
Transportasi,cuci steam motor
Transportasi,cuci steam mobil
Transportasi,tambal ban tubeless
Transportasi,isi nitrogen ban
Transportasi,stiker kendaraan
Transportasi,aksesoris mobil
Transportasi,aksesoris motor
Transportasi,helm full face
Transportasi,helm half face
Transportasi,jas hujan motor
Transportasi,sarung jok mobil
Transportasi,cover mobil
Transportasi,cover motor
Transportasi,charger mobil
Transportasi,holder hp motor
Transportasi,dashcam mobil
Transportasi,GPS mobil
Transportasi,tiket bus AKAP
Transportasi,tiket bus kota
Transportasi,tiket shuttle
Transportasi,travel antar kota
Transportasi,tiket kapal ferry
Transportasi,tiket speedboat
Transportasi,tiket MRT
Transportasi,tiket LRT
Transportasi,kartu multi trip
Transportasi,saldo e-money transport
Transportasi,bagasi tambahan
Transportasi,airport lounge transport
Transportasi,shuttle bandara
Transportasi,antar jemput bandara
Transportasi,cargo kendaraan
Transportasi,kirim motor
Transportasi,ekspedisi mobil
Transportasi,SIM A
Transportasi,SIM C
Transportasi,perpanjang SIM
Transportasi,perpanjang STNK
Transportasi,balik nama kendaraan
Transportasi,mutasi plat
Transportasi,uji emisi
Transportasi,tilang
Transportasi,denda parkir
Transportasi,denda tol
Transportasi,bensin eceran
Transportasi,solar industri
Transportasi,isi bensin motor
Transportasi,isi bensin mobil
Transportasi,voucher BBM
Transportasi,refill BBM
Transportasi,charging mobil listrik
Transportasi,charging motor listrik
Transportasi,sewa sepeda
Transportasi,rental sepeda listrik
Transportasi,scooter listrik
Transportasi,sewa skuter
Transportasi,bike sharing
Transportasi,ojek pangkalan
Transportasi,becak
Transportasi,delman
Transportasi,bajaj
Transportasi,bentor
Transportasi,angkutan desa
Transportasi,minibus
Transportasi,elf travel
Transportasi,shuttle hotel
Transportasi,antar jemput kantor
Transportasi,jemput anak sekolah
Transportasi,transport karyawan
Transportasi,tiket sleeper bus
Transportasi,tiket executive bus
Transportasi,tiket ekonomi bus
Transportasi,tiket wisata bus
Transportasi,tiket kereta ekonomi
Transportasi,tiket kereta bisnis
Transportasi,tiket kereta eksekutif
Transportasi,tiket kereta lokal
Transportasi,tiket kereta bandara
Transportasi,tiket pesawat domestik
Transportasi,tiket pesawat internasional
Transportasi,reschedule tiket
Transportasi,refund tiket
Transportasi,biaya check in bagasi
Transportasi,biaya pilih kursi
Transportasi,biaya boarding pass
Transportasi,kapal cepat
Transportasi,kapal penyeberangan
Transportasi,kapal wisata
Transportasi,sewa perahu
Transportasi,parkir motor
Transportasi,parkir mobil
Transportasi,parkir valet mall
Transportasi,parkir rumah sakit
Transportasi,parkir stasiun harian
Transportasi,parkir langganan
Transportasi,servis AC mobil
Transportasi,servis rem
Transportasi,servis kaki-kaki
Transportasi,servis injeksi
Transportasi,servis kelistrikan mobil
Transportasi,servis CVT motor
Transportasi,ganti oli mesin
Transportasi,ganti filter oli
Transportasi,ganti filter udara
Transportasi,ganti lampu mobil
Transportasi,ganti lampu motor
Transportasi,ganti kaca spion
Transportasi,ganti wiper
Transportasi,cuci interior mobil
Transportasi,fogging AC mobil
Transportasi,poles mobil
Transportasi,poles motor
Transportasi,stiker kaca film
Transportasi,kaca film mobil
Transportasi,audio mobil
Transportasi,alarm mobil
Transportasi,kunci duplikat kendaraan
Transportasi,jasa montir panggilan
Transportasi,bantuan jalan raya
Transportasi,towing darurat
Transportasi,derek tol
Transportasi,pajak progresif kendaraan
Transportasi,samsat keliling
Transportasi,biaya BPKB
Transportasi,plat nomor baru
Transportasi,ganti STNK hilang
Transportasi,denda SIM mati
Transportasi,denda keterlambatan pajak
Transportasi,uji KIR kendaraan
Transportasi,biaya terminal
Transportasi,porter bandara
Transportasi,porter stasiun
Maskapai Traveloka,Garuda Indonesia
Maskapai Traveloka,Citilink
Maskapai Traveloka,Sriwijaya Air
Maskapai Traveloka,Lion Air
Maskapai Traveloka,Batik Air
Maskapai Traveloka,AirAsia
Maskapai Traveloka,Super Air Jet
Maskapai Traveloka,Scoot
Maskapai Traveloka,Singapore Airlines
Maskapai Traveloka,Cathay Pacific
Maskapai Traveloka,Thai Airways
Maskapai Traveloka,Qatar Airways
Maskapai Traveloka,Emirates
Maskapai Traveloka,Etihad Airways
Maskapai Traveloka,All Nippon Airways (ANA)
Maskapai Traveloka,Malaysia Airlines
Maskapai Traveloka,Japan Airlines (JAL)
Maskapai Traveloka,Asiana Airlines
Maskapai Traveloka,China Airlines
Maskapai Traveloka,EVA Air
Maskapai Traveloka,KLM
Maskapai Traveloka,Air France
Maskapai Traveloka,Xiamen Airlines
Maskapai Traveloka,Air China
Maskapai Traveloka,Oman Air
Maskapai Traveloka,Lufthansa
Maskapai Traveloka,Delta Air Lines
Maskapai Traveloka,Korean Air
Maskapai Traveloka,Nam Air
Maskapai Traveloka,Pelita Air
Maskapai Traveloka,Jetstar
Maskapai Traveloka,Firefly
Maskapai Traveloka,Thai Lion Air
Maskapai Traveloka,Wings Air
Maskapai Traveloka,Trigana Air
Maskapai Traveloka,TransNusa Aviation
Maskapai Traveloka,Bangkok Airways
Maskapai Traveloka,Philippine Airlines
Maskapai Traveloka,Vietnam Airlines
Maskapai Traveloka,Qantas
Maskapai Traveloka,Turkish Airlines
Maskapai Traveloka,American Airlines
Maskapai Traveloka,China Southern Airlines
Maskapai Traveloka,Royal Brunei Airlines
Maskapai Traveloka,Virgin Australia
Maskapai Traveloka,EgyptAir
Maskapai Traveloka,United Airlines
Maskapai Traveloka,SriLankan Airlines
Maskapai Traveloka,Cebu Pacific
Maskapai Traveloka,Saudia Airlines
Maskapai Traveloka,Starlux
Maskapai Traveloka,FlyJaya
Dummy,Tiket Garuda Indonesia
Dummy,Tiket Citilink
Dummy,Tiket Lion Air
Dummy,Tiket Batik Air
Dummy,Tiket AirAsia
Dummy,Tiket Super Air Jet
Dummy,Tiket Scoot
Dummy,Tiket Singapore Airlines
Dummy,Tiket Cathay Pacific
Dummy,Tiket Thai Airways
Dummy,Tiket Qatar Airways
Dummy,Tiket Emirates
Dummy,Tiket Etihad Airways
Dummy,Tiket All Nippon Airways
Dummy,Tiket Malaysia Airlines
Dummy,Tiket Japan Airlines
Dummy,Tiket Asiana Airlines
Dummy,Tiket China Airlines
Dummy,Tiket EVA Air
Dummy,Tiket KLM
Dummy,Tiket Air France
Dummy,Tiket Xiamen Airlines
Dummy,Tiket Air China
Dummy,Tiket Oman Air
Dummy,Tiket Lufthansa
Dummy,Tiket Delta Air Lines
Dummy,Tiket Korean Air
Dummy,Tiket Nam Air
Dummy,Tiket Pelita Air
Dummy,Tiket Jetstar
Dummy,Tiket Firefly
Dummy,Tiket Thai Lion Air
Dummy,Tiket Wings Air
Dummy,Tiket Trigana Air
Dummy,Tiket TransNusa Aviation
Dummy,Tiket Bangkok Airways
Dummy,Tiket Philippine Airlines
Dummy,Tiket Vietnam Airlines
Dummy,Tiket Qantas
Dummy,Tiket Turkish Airlines
Dummy,Tiket American Airlines
Dummy,Tiket China Southern Airlines
Dummy,Tiket Royal Brunei Airlines
Dummy,Tiket Virgin Australia
Dummy,Tiket EgyptAir
Dummy,Tiket United Airlines
Dummy,Tiket SriLankan Airlines
Dummy,Tiket Cebu Pacific
Dummy,Tiket Saudia Airlines
Dummy,Tiket Starlux
Dummy,Tiket FlyJaya
Dummy,Bagasi Tambahan
Dummy,Upgrade Kursi
Dummy,Pilih Seat
Dummy,Makanan di Pesawat
Dummy,Minuman di Pesawat
Dummy,Asuransi Perjalanan
Dummy,Pajak Bandara
Dummy,Biaya Reschedule
Dummy,Biaya Refund
Dummy,Lounge Bandara
Dummy,Shuttle Bandara
Dummy,Parkir Bandara
Dummy,Transport ke Bandara
Dummy,Hotel Transit
Dummy,Visa Perjalanan
Dummy,Paspor Baru
Dummy,Cetak Boarding Pass
Dummy,WiFi Pesawat
Dummy,Hiburan Premium Pesawat
Tiket Kereta,Tiket KAI
Tiket Kereta,Tiket Kereta Ekonomi
Tiket Kereta,Tiket Kereta Bisnis
Tiket Kereta,Tiket Kereta Eksekutif
Tiket Kereta,Tiket Kereta Luxury
Tiket Kereta,Tiket KA Argo Bromo Anggrek
Tiket Kereta,Tiket KA Argo Parahyangan
Tiket Kereta,Tiket KA Argo Wilis
Tiket Kereta,Tiket KA Taksaka
Tiket Kereta,Tiket KA Lodaya
Tiket Kereta,Tiket KA Malabar
Tiket Kereta,Tiket KA Turangga
Tiket Kereta,Tiket KA Matarmaja
Tiket Kereta,Tiket KA Majapahit
Tiket Kereta,Tiket KA Bengawan
Tiket Kereta,Tiket KA Serayu
Tiket Kereta,Tiket KA Kahuripan
Tiket Kereta,Tiket KA Jayabaya
Tiket Kereta,Tiket KA Gajayana
Tiket Kereta,Tiket KA Bima
Tiket Kereta,Tiket KA Sembrani
Tiket Kereta,Tiket KA Kertajaya
Tiket Kereta,Tiket KA Sancaka
Tiket Kereta,Tiket KA Progo
Tiket Kereta,Tiket KA Brantas
Tiket Kereta,Tiket KA Logawa
Tiket Kereta,Tiket KA Sri Tanjung
Tiket Kereta,Tiket KA Pasundan
Tiket Kereta,Tiket KA Bogowonto
Tiket Kereta,Tiket KA Fajar Utama
Tiket Kereta,Tiket Kereta Bandara
Tiket Kereta,Tiket Railink
Tiket Kereta,Tiket LRT Jabodebek
Tiket Kereta,Tiket MRT Jakarta
Tiket Kereta,Tiket KRL Commuter Line
Tiket Kereta,Tiket Kereta Cepat Whoosh
Tiket Kereta,Upgrade Kursi Kereta
Tiket Kereta,Pilih Seat Kereta
Tiket Kereta,Makanan di Kereta
Tiket Kereta,Minuman di Kereta
Tiket Kereta,Bagasi Tambahan Kereta
Tiket Kereta,Biaya Reschedule Tiket Kereta
Tiket Kereta,Biaya Refund Tiket Kereta
Tiket Kereta,Lounge Stasiun
Tiket Kereta,Parkir Stasiun
Tiket Kereta,Shuttle ke Stasiun
Tiket Kereta,Transport ke Stasiun
Tiket Kereta,Hotel Transit Dekat Stasiun
Tiket Kereta,Cetak Boarding Pass Kereta
Tiket Kereta,Porter Stasiun
Tiket Kereta,Sewa Selimut Kereta
Tiket Kereta,WiFi Kereta
Tiket Kereta,Tiket Sleeper Train
Tiket Kereta,Tiket Kereta Wisata
Tiket Kereta,Tiket Kereta Lokal
Tiket Kereta,Tiket Kereta Antar Kota
Tiket Kereta,Tiket Kereta Pulang Pergi
Tiket Whoosh,Tiket Whoosh Ekonomi
Tiket Whoosh,Tiket Whoosh Premium
Tiket Whoosh,Tiket Whoosh Bisnis
Tiket Whoosh,Tiket Whoosh First Class
Tiket Whoosh,Tiket Whoosh Ekonomi Promo
Tiket Whoosh,Tiket Whoosh Premium Promo
Tiket Whoosh,Tiket Whoosh Bisnis Promo
Tiket Whoosh,Tiket Whoosh First Class Promo
Tiket Whoosh,Tiket Whoosh Pulang Pergi
Tiket Whoosh,Tiket Whoosh One Way
Tiket Whoosh,Tiket Whoosh Weekend
Tiket Whoosh,Tiket Whoosh Weekday
Tiket Whoosh,Tiket Whoosh Jam Sibuk
Tiket Whoosh,Tiket Whoosh Non Peak
Tiket Whoosh,Upgrade Kursi Whoosh
Tiket Whoosh,Upgrade ke Premium Whoosh
Tiket Whoosh,Upgrade ke Bisnis Whoosh
Tiket Whoosh,Upgrade ke First Class Whoosh
Tiket Whoosh,Pilih Seat Whoosh
Tiket Whoosh,Reschedule Tiket Whoosh
Tiket Whoosh,Refund Tiket Whoosh
Tiket Whoosh,Biaya Pembatalan Whoosh
Tiket Whoosh,Booking Online Whoosh
Tiket Whoosh,Tiket Grup Whoosh
Tiket Whoosh,Tiket Corporate Whoosh
Tiket Whoosh,Tiket Pelajar Whoosh
Tiket Whoosh,Tiket Lansia Whoosh
Tiket Whoosh,Tiket Anak Whoosh
Tiket Whoosh,Tiket Prioritas Whoosh
Tiket Whoosh,Lounge Whoosh
Tiket Whoosh,Parkir Stasiun Whoosh
Tiket Whoosh,Shuttle ke Stasiun Whoosh
Tiket Whoosh,Transport ke Stasiun Whoosh
Tiket Whoosh,Bagasi Tambahan Whoosh
Tiket Whoosh,Porter Stasiun Whoosh
Tiket Whoosh,WiFi Premium Whoosh
Tiket Whoosh,Tiket Whoosh Jakarta Bandung
Tiket Whoosh,Tiket Whoosh Bandung Jakarta
Tiket Whoosh,Tiket Whoosh Halim Padalarang
Tiket Whoosh,Tiket Whoosh Halim Tegalluar
Tiket Whoosh,Tiket Langganan Whoosh
Tiket Whoosh,Tiket Harian Whoosh
Tiket Whoosh,Tiket Mendadak Whoosh
Tiket Whoosh,Tiket Early Booking Whoosh
Tiket Whoosh,Tiket Flexible Whoosh
Tiket Whoosh,Tiket Non Refundable Whoosh
Tiket Whoosh,Tiket Priority Boarding Whoosh
Tiket Whoosh,Tiket Fast Track Whoosh
Bus Parawisata,Aerotrans (Jakarta)
Bus Parawisata,Agra Icon
Bus Parawisata,AJA
Bus Parawisata,Alegra
Bus Parawisata,AM Shantika
Bus Parawisata,AM Trans
Bus Parawisata,AO Transport
Bus Parawisata,Ardana
Bus Parawisata,Ardian Transport
Bus Parawisata,Arimbi
Bus Parawisata,Arion (Jakarta)
Bus Parawisata,Aris Trans
Bus Parawisata,Armada Jaya Perkasa
Bus Parawisata,Arya Kencana
Bus Parawisata,Asyaco
Bus Parawisata,Atmajaya
Bus Parawisata,Bahana
Bus Parawisata,BEE Bus
Bus Parawisata,Bejeu
Bus Parawisata,BGS Trans
Bus Parawisata,Bhaladatika Tour (Jakarta)
Bus Parawisata,Bhineka
Bus Parawisata,Big Bird (Jakarta dan Surabaya)
Bus Parawisata,Bina Transport
Bus Parawisata,Bintang Tiga
Bus Parawisata,Bintang Wisata
Bus Parawisata,Blue Star
Bus Parawisata,Buah Batu
Bus Parawisata,Budiman Pariwisata
Bus Parawisata,Bulan Jaya
Bus Parawisata,Cipaganti
Bus Parawisata,Cipta Karunia
Bus Parawisata,Citra Dewi
Bus Parawisata,City Trans Utama
Bus Parawisata,Cleo
Bus Parawisata,Deborah
Bus Parawisata,Desiana
Bus Parawisata,Dewi Sri Pariwisata
Bus Parawisata,Dieng Indah Pariwisata
Bus Parawisata,Discovery
Bus Parawisata,Dutro Minibus
Bus Parawisata,Effesiensi
Bus Parawisata,Epa Star
Bus Parawisata,Esem Abadi
Bus Parawisata,Etrans
Bus Parawisata,Express Eagle High (Jakarta)
Bus Parawisata,Fajar Transport
Bus Parawisata,Gunung Harta
Bus Parawisata,Harapan Jaya Pariwisata
Bus Parawisata,Haryanto
Bus Parawisata,Hiba Utama
Bus Parawisata,Ichtra Jaya
Bus Parawisata,Indah Murni
Bus Parawisata,Jackal Holiday
Bus Parawisata,Jasmine
Bus Parawisata,Karunia Pariwisata
Bus Parawisata,Kerub Pariwisata Indonesia
Bus Parawisata,kosayu
Bus Parawisata,Kosub Bersama
Bus Parawisata,Kramat Djati
Bus Parawisata,Laju Utama
Bus Parawisata,Laks Autobus
Bus Parawisata,Lautan
Bus Parawisata,Limas Pariwisata (Bogor)
Bus Parawisata,Lutfansa
Bus Parawisata,Malino Putra
Bus Parawisata,Manhattan
Bus Parawisata,Matahari Holidays
Bus Parawisata,Medal Jaya
Bus Parawisata,Metropolitan
Bus Parawisata,Midas Nusantara
Bus Parawisata,Nirwana Pariwisata
Bus Parawisata,Nuansa Wisata
Bus Parawisata,Nugroho
Bus Parawisata,Nusa Indah
Bus Parawisata,Pakar Wisata
Bus Parawisata,Panorama Pariwisata
Bus Parawisata,Perdana Jaya
Bus Parawisata,Premium Passion
Bus Parawisata,Primajasa Citymiles
Bus Parawisata,Purnayasa
Bus Parawisata,Pusaka Wisata
Bus Parawisata,Putra Remaja Jakarta
Bus Parawisata,Qitarabu
Bus Parawisata,Queen Trans
Bus Parawisata,Restu Mulya
Bus Parawisata,Rezeki Baru
Bus Parawisata,Rosalia Indah Pariwisata
Bus Parawisata,Royal Platinum
Bus Parawisata,Safari Dharma Raya (OBL)
Bus Parawisata,Sahabat Kita
Bus Parawisata,Semanta
Bus Parawisata,Shantika
Bus Parawisata,SJLU (Sinar Jaya Langgeng Utama)
Bus Parawisata,SM Prima
Bus Parawisata,SPA Trans
Bus Parawisata,Starbus
Bus Parawisata,Subur Jaya
Bus Parawisata,Suhada
Bus Parawisata,Sumber Usaha
Bus Parawisata,Suryaputra Trans
Bus Parawisata,Syimponie
Bus Parawisata,Trac
Bus Parawisata,Trans Boutiqe
Bus Parawisata,Trans Utama
Bus Parawisata,Tunggal Daya
Bus Parawisata,Vircansa Tour Bus & Travel
Bus Parawisata,Virgo Transport
Bus Parawisata,Warga Baru Pariwisata
Bus Parawisata,Wayang
Bus Parawisata,"White Horse (Jakarta, Bandung dan Palembang)"
Bus Parawisata,William
Bus Parawisata,Win Bus
Bus Parawisata,Yellow Wish
Bus Parawisata,YM Transport
Bus Parawisata,Zentrum
Generate Tiket Bus,Tiket Bus AKAP
Generate Tiket Bus,Tiket Bus AKDP
Generate Tiket Bus,Tiket Bus Ekonomi
Generate Tiket Bus,Tiket Bus Bisnis
Generate Tiket Bus,Tiket Bus Executive
Generate Tiket Bus,Tiket Bus Sleeper
Generate Tiket Bus,Tiket Bus Luxury
Generate Tiket Bus,Tiket Bus Pariwisata
Generate Tiket Bus,Tiket Bus Antar Kota
Generate Tiket Bus,Tiket Bus Antar Provinsi
Generate Tiket Bus,Tiket Bus Dalam Kota
Generate Tiket Bus,Tiket Bus TransJakarta
Generate Tiket Bus,Tiket Bus DAMRI
Generate Tiket Bus,Tiket Bus Bandara
Generate Tiket Bus,Tiket Bus Shuttle
Generate Tiket Bus,Tiket Bus Travel
Generate Tiket Bus,Tiket Bus Malam
Generate Tiket Bus,Tiket Bus Pagi
Generate Tiket Bus,Tiket Bus Weekend
Generate Tiket Bus,Tiket Bus Weekday
Generate Tiket Bus,Tiket Bus Pulang Pergi
Generate Tiket Bus,Tiket Bus One Way
Generate Tiket Bus,Tiket Bus Promo
Generate Tiket Bus,Tiket Bus Online Booking
Generate Tiket Bus,Tiket Bus Mendadak
Generate Tiket Bus,Tiket Bus Early Booking
Generate Tiket Bus,Tiket Bus Rombongan
Generate Tiket Bus,Tiket Bus Corporate
Generate Tiket Bus,Tiket Bus Pelajar
Generate Tiket Bus,Tiket Bus Lansia
Generate Tiket Bus,Tiket Bus Anak
Generate Tiket Bus,Upgrade Kursi Bus
Generate Tiket Bus,Pilih Seat Bus
Generate Tiket Bus,Bagasi Tambahan Bus
Generate Tiket Bus,Reschedule Tiket Bus
Generate Tiket Bus,Refund Tiket Bus
Generate Tiket Bus,Biaya Pembatalan Bus
Generate Tiket Bus,Lounge Terminal
Generate Tiket Bus,Parkir Terminal
Generate Tiket Bus,Shuttle ke Terminal
Generate Tiket Bus,Transport ke Terminal
Generate Tiket Bus,Porter Terminal
Generate Tiket Bus,Tiket Bus Jakarta Bandung
Generate Tiket Bus,Tiket Bus Jakarta Yogyakarta
Generate Tiket Bus,Tiket Bus Jakarta Surabaya
Generate Tiket Bus,Tiket Bus Bandung Semarang
Generate Tiket Bus,Tiket Bus Medan Aceh
Generate Tiket Bus,Tiket Bus Makassar Manado
Generate Tiket Bus,Tiket Langganan Bus
Generate Tiket Bus,Tiket Harian Bus
Generate Tiket Travel,Tiket Travel Antar Kota
Generate Tiket Travel,Tiket Travel Antar Provinsi
Generate Tiket Travel,Tiket Travel Dalam Kota
Generate Tiket Travel,Tiket Travel Bandara
Generate Tiket Travel,Tiket Travel Shuttle
Generate Tiket Travel,Tiket Travel Door to Door
Generate Tiket Travel,Tiket Travel Reguler
Generate Tiket Travel,Tiket Travel Executive
Generate Tiket Travel,Tiket Travel VIP
Generate Tiket Travel,Tiket Travel Premium
Generate Tiket Travel,Tiket Travel Ekonomi
Generate Tiket Travel,Tiket Travel Malam
Generate Tiket Travel,Tiket Travel Pagi
Generate Tiket Travel,Tiket Travel Weekend
Generate Tiket Travel,Tiket Travel Weekday
Generate Tiket Travel,Tiket Travel Pulang Pergi
Generate Tiket Travel,Tiket Travel One Way
Generate Tiket Travel,Tiket Travel Promo
Generate Tiket Travel,Tiket Travel Online Booking
Generate Tiket Travel,Tiket Travel Mendadak
Generate Tiket Travel,Tiket Travel Early Booking
Generate Tiket Travel,Tiket Travel Rombongan
Generate Tiket Travel,Tiket Travel Corporate
Generate Tiket Travel,Tiket Travel Pelajar
Generate Tiket Travel,Tiket Travel Lansia
Generate Tiket Travel,Tiket Travel Anak
Generate Tiket Travel,Upgrade Kursi Travel
Generate Tiket Travel,Pilih Seat Travel
Generate Tiket Travel,Bagasi Tambahan Travel
Generate Tiket Travel,Reschedule Tiket Travel
Generate Tiket Travel,Refund Tiket Travel
Generate Tiket Travel,Biaya Pembatalan Travel
Generate Tiket Travel,Shuttle ke Pool Travel
Generate Tiket Travel,Transport ke Pool Travel
Generate Tiket Travel,Porter Travel
Generate Tiket Travel,Tiket Travel Jakarta Bandung
Generate Tiket Travel,Tiket Travel Jakarta Cirebon
Generate Tiket Travel,Tiket Travel Bandung Yogyakarta
Generate Tiket Travel,Tiket Travel Jakarta Semarang
Generate Tiket Travel,Tiket Travel Surabaya Malang
Generate Tiket Travel,Tiket Travel Medan Pekanbaru
Generate Tiket Travel,Tiket Langganan Travel
Generate Tiket Travel,Tiket Harian Travel
Generate Tiket Travel,Tiket Carter Travel
Generate Tiket Travel,Tiket Private Travel
Generate Tiket Travel,Tiket Travel Shared Ride
Generate Tiket Travel,Tiket Travel Area Wisata
Generate Tiket Travel,Tiket Travel Karyawan
Generate Tiket Travel,Tiket Travel Komuter
Generate Antar Jemput Bandara,Antar Jemput Bandara
Generate Antar Jemput Bandara,Antar Jemput Bandara Reguler
Generate Antar Jemput Bandara,Antar Jemput Bandara VIP
Generate Antar Jemput Bandara,Antar Jemput Bandara Private
Generate Antar Jemput Bandara,Antar Jemput Bandara Shared Ride
Generate Antar Jemput Bandara,Antar Jemput Bandara Hotel
Generate Antar Jemput Bandara,Antar Jemput Bandara Stasiun
Generate Antar Jemput Bandara,Antar Jemput Bandara Terminal
Generate Antar Jemput Bandara,Antar Jemput Bandara Pagi
Generate Antar Jemput Bandara,Antar Jemput Bandara Malam
Generate Antar Jemput Bandara,Antar Jemput Bandara Weekend
Generate Antar Jemput Bandara,Antar Jemput Bandara Weekday
Generate Antar Jemput Bandara,Antar Jemput Bandara Pulang Pergi
Generate Antar Jemput Bandara,Antar Jemput Bandara One Way
Generate Antar Jemput Bandara,Booking Antar Jemput Bandara
Generate Antar Jemput Bandara,Reschedule Antar Jemput Bandara
Generate Antar Jemput Bandara,Refund Antar Jemput Bandara
Generate Rental Mobil,Rental Mobil Harian
Generate Rental Mobil,Rental Mobil Mingguan
Generate Rental Mobil,Rental Mobil Bulanan
Generate Rental Mobil,Rental Mobil Lepas Kunci
Generate Rental Mobil,Rental Mobil Dengan Sopir
Generate Rental Mobil,Rental Mobil Premium
Generate Rental Mobil,Rental Mobil SUV
Generate Rental Mobil,Rental Mobil MPV
Generate Rental Mobil,Rental Mobil City Car
Generate Rental Mobil,Rental Mobil Mewah
Generate Rental Mobil,Rental Mobil Bandara
Generate Rental Mobil,Rental Mobil Luar Kota
Generate Rental Mobil,Rental Mobil Dalam Kota
Generate Rental Mobil,Rental Mobil Perjalanan Dinas
Generate Rental Mobil,Rental Mobil Wisata
Generate Rental Mobil,Rental Mobil Pernikahan
Generate Rental Mobil,Rental Mobil Jemput Tamu
Generate Rental Mobil,Rental Mobil Corporate
Generate Rental Mobil,Rental Mobil 12 Jam
Generate Rental Mobil,Rental Mobil Full Day
Generate Rental Mobil,Rental Mobil Half Day
Generate Rental Mobil,Upgrade Kendaraan Rental
Generate Rental Mobil,Tambahan Jam Rental
Generate Rental Mobil,Tambahan Sopir Rental
Generate Rental Mobil,BBM Rental
Generate Rental Mobil,Tol Rental
Generate Rental Mobil,Parkir Rental
Generate Rental Mobil,Deposit Rental
Generate Rental Mobil,Booking Online Rental
Generate Rental Mobil,Reschedule Rental
Generate Rental Mobil,Refund Rental
Generate Rental Mobil,Sewa Hiace
Generate Rental Mobil,Sewa Elf