Saham	Nama Perusahaan	Bidang Usaha Utama	Sektor	Subsektor	Industri	Subindustri	Didirikan	Kantor Pusat
AADI	PT Adaro Andalan Indonesia Tbk	"Perkebunan kelapa sawit, karet dan tanaman penghasil getah lain, perusahaan holding, dan konsultasi manajemen lainnya"	Energi	"Minyak, Gas & Batu Bara"	Batu Bara	Produksi Batu Bara	1 December 2004	"Jakarta Selatan, Indonesia"
ADMR	PT Alamtri Minerals Indonesia Tbk	Pertambangan	Energi	"Minyak, Gas & Batu Bara"	Batu Bara	Produksi Batu Bara	25 September 2007	"Jakarta, Indonesia"
ADRO	Alamtri Resources Indonesia Tbk	"Aktivitas perusahaan holding dan konsultasi manajemen lainnya (untuk kegiatan usaha anak-anak perusahaan Perseroan yang bergerak di bidang pertambangan, penggalian, jasa penunjang pertambangan, perdagangan besar, angkutan, pergudangan dan aktivitas penunjang angkutan, penanganan kargo (bongkar muat barang), aktivitas pelayanan kepelabuhanan laut, pertanian tanaman, konstruksi, reparasi dan pemasangan mesin, pengadaan listrik, pengelolaan air, kehutanan, industri)"	Energi	"Minyak, Gas & Batu Bara"	Batu Bara	Produksi Batu Bara	26 August 2004	"Jakarta, Indonesia"
AKRA	PT AKR Corporindo Tbk.	Perdagangan dan Distribusi BBM dan Bahan Kimia Dasar	Energi	"Minyak, Gas & Batu Bara"	Minyak & Gas	Penyimpanan & Distribusi Minyak & Gas	28 November 1977	"Jakarta, Indonesia"
AMMN	PT Amman Mineral Internasional Tbk.	Aktivitas Perusahaan Holding	Barang Baku	Barang Baku	Logam & Mineral	Tembaga	29 September 2015	"Jakarta Selatan, Indonesia"
AMRT	PT Sumber Alfaria Trijaya Tbk.	Retail Trade	Barang Konsumen Primer	Perdagangan Ritel Barang Primer	Perdagangan Ritel Barang Primer	Supermarket	22 February 1989	"Tangerang, Banten, Indonesia"
ANTM	Aneka Tambang Tbk.	Metal and Mineral Mining	Barang Baku	Barang Baku	Logam & Mineral	Logam & Mineral Lainnya	5 July 1968	"Jakarta Selatan, Indonesia"
ASII	Astra International Tbk	Perdagangan Umum	Perindustrian	Perusahaan Holding Multi Sektor	Perusahaan Holding Multi Sektor	Perusahaan Holding Multi Sektor	20 February 1957	"Jakarta, Indonesia"
BBCA	PT Bank Central Asia Tbk.	Jasa Perbankan	Keuangan	Bank	Bank	Bank	21 February 1957	"Jakarta Pusat, Indonesia"
BBNI	PT Bank Negara Indonesia (Persero) Tbk	Perbankan & Kegiatan Usaha Penunjang Lainnya	Keuangan	Bank	Bank	Bank	5 July 1946	"Jakarta, Indonesia"
BBRI	PT Bank Rakyat Indonesia (Persero) Tbk	Jasa Perbankan	Keuangan	Bank	Bank	Bank	16 December 1895	"Jakarta Pusat, Indonesia"
BBTN	PT Bank Tabungan Negara (Persero) Tbk	Bergerak Dalam Bidang Usaha Perbankan	Keuangan	Bank	Bank	Bank	16 October 1897	"Jakarta Pusat, Indonesia"
BMRI	PT Bank Mandiri (Persero) Tbk	Jasa Keuangan - Perbankan	Keuangan	Bank	Bank	Bank	2 October 1998	"Jakarta Selatan, Indonesia"
BRPT	Barito Pacific Tbk	"Industri, properti, perdagangan, energi terbarukan, kehutanan, perkebunan, pertambangan, transportasi, dan aktivitas perusahaan holding"	Barang Baku	Barang Baku	Barang Kimia	Barang Kimia Dasar	4 April 1979	"Jakarta Barat, Indonesia"
BUMI	Bumi Resources Tbk	Perusahaan induk pertambangan	Energi	"Minyak, Gas & Batu Bara"	Batu Bara	Produksi Batu Bara	26 June 1973	"Jakarta, Indonesia"
CPIN	Charoen Pokphand Indonesia Tbk	Animal Feed	Barang Konsumen Primer	Makanan & Minuman	Produk Makanan Pertanian	"Ikan, Daging & Produk Unggas"	7 January 1972	"Jakarta Utara, Indonesia"
CUAN	PT Petrindo Jaya Kreasi Tbk	"Aktivitas Perusahaan Holding, Jasa Konsultasi Manajemen, dan Pertambangan Batu Bara melalui Perusahaan Anak"	Energi	"Minyak, Gas & Batu Bara"	Batu Bara	Produksi Batu Bara	4 August 2008	"Jakarta Barat, Indonesia"
DEWA	Darma Henwa Tbk	Jasa Pertambangan	Energi	"Minyak, Gas & Batu Bara"	"Pendukung Minyak, Gas & Batu Bara"	"Jasa & Perlengkapan Minyak, Gas & Batu Bara"	8 October 1991	"Jakarta, Indonesia"
EMTK	Elang Mahkota Teknologi Tbk	Jasa dan Perdagangan	Teknologi	Perangkat Lunak & Jasa TI	Aplikasi & Jasa Internet	Aplikasi & Jasa Internet	3 August 1983	"Jakarta, Indonesia"
ESSA	ESSA Industries Indonesia Tbk	Berusaha dalam bidang usaha industri pemurnian dan pengolahan gas bumi	Barang Baku	Barang Baku	Barang Kimia	Barang Kimia Dasar	24 March 2006	"Jakarta, Indonesia"
EXCL	PT XLSMART Telecom Sejahtera Tbk	Penyelenggaraan jasa telekomunikasi dan/atau jaringan telekomunikasi dan/atau multimedia	Infrastruktur	Telekomunikasi	Jasa Telekomunikasi Nirkabel	Jasa Telekomunikasi Nirkabel	6 October 1989	"Jakarta, Indonesia"
GOTO	PT GoTo Gojek Tokopedia Tbk	"Perusahaan Induk dan Penyedia platform digital yang mengintegrasikan on-demand services, e-commerce dan produk digital, serta financial technology services secara langsung maupun tidak langsung melalui entitas-entitas di dalam Perusahaan"	Teknologi	Perangkat Lunak & Jasa TI	Aplikasi & Jasa Internet	Aplikasi & Jasa Internet	"December 10, 2015"	"Jakarta Selatan, Indonesia"
HRTA	PT Hartadinata Abadi Tbk	Perindustrian dan Perdagangan	Barang Konsumen Non-Primer	Pakaian & Barang Mewah	Pakaian & Barang Mewah	"Pakaian, Aksesoris, & Tas"	29 March 2004	"Bandung, Jawa Barat, Indonesia"
ICBP	Indofood CBP Sukses Makmur Tbk	Industri produk makanan bermerek	Barang Konsumen Primer	Makanan & Minuman	Makanan Olahan	Makanan Olahan	2 September 2009	"Jakarta, Indonesia"
INCO	Vale Indonesia Tbk	Nickel Ore Mining	Barang Baku	Barang Baku	Logam & Mineral	Logam & Mineral Lainnya	"July 25, 1968"	"Jakarta, Indonesia"
INDF	Indofood Sukses Makmur Tbk	Food and Beverages	Barang Konsumen Primer	Makanan & Minuman	Makanan Olahan	Makanan Olahan	"August 14, 1990"	"Jakarta, Indonesia"
INKP	Indah Kiat Pulp & Paper Tbk	Pulp and Paper	Barang Baku	Barang Baku	Perhutanan & Kertas	Kertas	7 December 1976	"Jakarta, Indonesia"
ISAT	PT Indosat Tbk	Telekomunikasi	Infrastruktur	Telekomunikasi	Jasa Telekomunikasi Nirkabel	Jasa Telekomunikasi Nirkabel	10 November 1967	"Jakarta, Indonesia"
ITMG	Indo Tambangraya Megah Tbk	Pertambangan Batubara(Coal Mining)	Energi	"Minyak, Gas & Batu Bara"	Batu Bara	Produksi Batu Bara	"September 2, 1987"	"Jakarta, Indonesia"
JPFA	JAPFA Comfeed Indonesia Tbk	Animal Feed	Barang Konsumen Primer	Makanan & Minuman	Produk Makanan Pertanian	"Ikan, Daging & Produk Unggas"	18 January 1971	"Jakarta, Indonesia"
KLBF	Kalbe Farma Tbk	Farmasi	Kesehatan	Farmasi & Riset Kesehatan	Farmasi	Farmasi	10 September 1966	"Jakarta Pusat, Indonesia"
MAPI	PT Mitra Adiperkasa Tbk	"Perdagangan Umum, ritel, kafe restoran"	Barang Konsumen Non-Primer	Perdagangan Ritel	Ritel Khusus	Ritel Pakaian & Tekstil	23 January 1995	"Jakarta, Indonesia"
MBMA	PT Merdeka Battery Materials Tbk	"Perusahaan induk atas grup usaha yang bergerak di bidang pertambangan nikel dan mineral lainnya, pengolahan dan kegiatan usaha terkait lainnya yang terintegrasi secara vertikal"	Barang Baku	Barang Baku	Logam & Mineral	Logam & Mineral Lainnya	20 August 2019	"Jakarta Selatan, Indonesia"
MDKA	PT Merdeka Copper Gold Tbk.	"Pertambangan emas, perak, tembaga, nikel, dan mineral ikutan lainnya, industri dan kegiatan usaha terkait lainnya melalui perusahaan anak Perseroan"	Barang Baku	Barang Baku	Logam & Mineral	Logam & Mineral Lainnya	5 September 2012	"Jakarta, Indonesia"
MEDC	PT Medco Energi Internasional Tbk	Crude Petroleum and Natural Gas Prod	Energi	"Minyak, Gas & Batu Bara"	Minyak & Gas	Produksi & Penyulingan Minyak & Gas	9 June 1980	"Jakarta, Indonesia"
PGAS	PT Perusahaan Gas Negara (Persero) Tbk	Distribusi dan Transmisi Gas Bumi	Energi	"Minyak, Gas & Batu Bara"	Minyak & Gas	Penyimpanan & Distribusi Minyak & Gas	13 May 1965	"Jakarta, Indonesia"
PGEO	PT Pertamina Geothermal Energy Tbk	Menyelenggarakan usaha bidang panas bumi dari hulu/hilir	Infrastruktur	Utilitas	Utilitas Listrik	Utilitas Listrik	12 December 2006	"Jakarta Pusat, Indonesia"
PTBA	PT Bukit Asam (Persero) Tbk	Pertambangan Batubara(Coal Mining)	Energi	"Minyak, Gas & Batu Bara"	Batu Bara	Produksi Batu Bara	2 March 1981	"Sumatera Selatan, Indonesia"
SCMA	Surya Citra Media Tbk	Media	Barang Konsumen Non-Primer	Media & Hiburan	Media	Penyiaran	"January 29, 1999"	"Jakarta, Indonesia"
SMGR	Semen Indonesia (Persero) Tbk	Produsen Semen	Barang Baku	Barang Baku	Material Konstruksi	Material Konstruksi	7 August 1957	"Jakarta, Indonesia"
TLKM	PT Telkom Indonesia (Persero) Tbk	Penyelenggara Jaringan dan Jasa Telekom	Infrastruktur	Telekomunikasi	Jasa Telekomunikasi	Jasa Telekomunikasi Terintegrasi	6 July 1965	"Jakarta, Indonesia"
TOWR	Sarana Menara Nusantara Tbk	Investasi dan jasa penunjang telekomunikasi	Infrastruktur	Telekomunikasi	Jasa Telekomunikasi Nirkabel	Jasa Telekomunikasi Nirkabel	2 June 2008	"Kudus, Indonesia"
UNTR	United Tractors Tbk	Wholesale (Durable Goods)	Perindustrian	Barang Perindustrian	Mesin	Mesin Konstruksi & Kendaraan Berat	13 October 1972	"Jakarta, Indonesia"
UNVR	Unilever Indonesia Tbk	Fast Moving Consumer Goods	Barang Konsumen Primer	Produk Rumah Tangga Tidak Tahan Lama	Produk Perawatan Tubuh	Produk Perawatan Tubuh	5 December 1933	"Banten, Indonesia"
WIFI	PT Solusi Sinergi Digital Tbk	"Bergerak dalam bidang periklanan, serta perusahaan holding yang melakukan investasi dalam bidang periklanan, produk dan layanan digital, dan jaringan serat optik melalui Perusahaan Anak"	Teknologi	Perangkat Lunak & Jasa TI	Aplikasi & Jasa Internet	Aplikasi & Jasa Internet	6 September 2012	"Jakarta Selatan, Indonesia"
